match_id;match_date;stadium_id;home_team_id;away_team_id;tournament_id;stage_name;home_team_score;away_team_score;result
M-1930-01;1930-07-13;S-240;T-30;T-46;WC-1930;group stage;4;1;home team win
M-1930-02;1930-07-13;S-239;T-83;T-06;WC-1930;group stage;3;0;home team win
M-1930-03;1930-07-14;S-239;T-87;T-09;WC-1930;group stage;2;1;home team win
M-1930-04;1930-07-14;S-240;T-61;T-56;WC-1930;group stage;3;1;home team win
M-1930-05;1930-07-15;S-239;T-03;T-30;WC-1930;group stage;1;0;home team win
M-1930-06;1930-07-16;S-239;T-13;T-46;WC-1930;group stage;3;0;home team win
M-1930-07;1930-07-17;S-239;T-87;T-07;WC-1930;group stage;4;0;home team win
M-1930-08;1930-07-17;S-239;T-83;T-55;WC-1930;group stage;3;0;home team win
M-1930-09;1930-07-18;S-238;T-84;T-56;WC-1930;group stage;1;0;home team win
M-1930-10;1930-07-19;S-238;T-13;T-30;WC-1930;group stage;1;0;home team win
M-1930-11;1930-07-19;S-238;T-03;T-46;WC-1930;group stage;6;3;home team win
M-1930-12;1930-07-20;S-238;T-09;T-07;WC-1930;group stage;4;0;home team win
M-1930-13;1930-07-20;S-238;T-55;T-06;WC-1930;group stage;1;0;home team win
M-1930-14;1930-07-21;S-238;T-84;T-61;WC-1930;group stage;4;0;home team win
M-1930-15;1930-07-22;S-238;T-03;T-13;WC-1930;group stage;3;1;home team win
M-1930-16;1930-07-26;S-238;T-03;T-83;WC-1930;semi-finals;6;1;home team win
M-1930-17;1930-07-27;S-238;T-84;T-87;WC-1930;semi-finals;6;1;home team win
M-1930-18;1930-07-30;S-238;T-84;T-03;WC-1930;final;4;2;home team win
M-1934-01;1934-05-27;S-114;T-05;T-30;WC-1934;round of 16;3;2;home team win
M-1934-02;1934-05-27;S-113;T-21;T-61;WC-1934;round of 16;2;1;home team win
M-1934-03;1934-05-27;S-105;T-31;T-06;WC-1934;round of 16;5;2;home team win
M-1934-04;1934-05-27;S-108;T-36;T-26;WC-1934;round of 16;4;2;home team win
M-1934-05;1934-05-27;S-111;T-41;T-83;WC-1934;round of 16;7;1;home team win
M-1934-06;1934-05-27;S-106;T-73;T-09;WC-1934;round of 16;3;1;home team win
M-1934-07;1934-05-27;S-102;T-74;T-03;WC-1934;round of 16;3;2;home team win
M-1934-08;1934-05-27;S-107;T-75;T-48;WC-1934;round of 16;3;2;home team win
M-1934-09;1934-05-31;S-102;T-05;T-36;WC-1934;quarter-finals;2;1;home team win
M-1934-10;1934-05-31;S-114;T-21;T-75;WC-1934;quarter-finals;3;2;home team win
M-1934-11;1934-05-31;S-107;T-31;T-74;WC-1934;quarter-finals;2;1;home team win
M-1934-12;1934-05-31;S-105;T-41;T-73;WC-1934;quarter-finals;1;1;draw
M-1934-13;1934-06-01;S-105;T-41;T-73;WC-1934;quarter-finals;1;0;home team win
M-1934-14;1934-06-03;S-111;T-21;T-31;WC-1934;semi-finals;3;1;home team win
M-1934-15;1934-06-03;S-107;T-41;T-05;WC-1934;semi-finals;1;0;home team win
M-1934-16;1934-06-07;S-108;T-31;T-05;WC-1934;third-place match;3;2;home team win
M-1934-17;1934-06-10;S-111;T-41;T-21;WC-1934;final;2;1;home team win
M-1938-01;1938-06-04;S-068;T-75;T-31;WC-1938;round of 16;1;1;draw
M-1938-02;1938-06-05;S-077;T-19;T-61;WC-1938;round of 16;3;3;draw
M-1938-03;1938-06-05;S-069;T-30;T-06;WC-1938;round of 16;3;1;home team win
M-1938-04;1938-06-05;S-071;T-36;T-23;WC-1938;round of 16;6;0;home team win
M-1938-05;1938-06-05;S-064;T-41;T-53;WC-1938;round of 16;2;1;home team win
M-1938-06;1938-06-05;S-075;T-09;T-57;WC-1938;round of 16;6;5;home team win
M-1938-07;1938-06-05;S-058;T-21;T-48;WC-1938;round of 16;3;0;home team win
M-1938-08;1938-06-09;S-077;T-19;T-61;WC-1938;round of 16;2;1;home team win
M-1938-09;1938-06-09;S-068;T-75;T-31;WC-1938;round of 16;4;2;home team win
M-1938-10;1938-06-12;S-056;T-09;T-21;WC-1938;quarter-finals;1;1;draw
M-1938-11;1938-06-12;S-061;T-36;T-75;WC-1938;quarter-finals;2;0;home team win
M-1938-12;1938-06-12;S-069;T-41;T-30;WC-1938;quarter-finals;3;1;home team win
M-1938-13;1938-06-12;S-055;T-74;T-19;WC-1938;quarter-finals;8;0;home team win
M-1938-14;1938-06-14;S-056;T-09;T-21;WC-1938;quarter-finals;2;1;home team win
M-1938-15;1938-06-16;S-068;T-36;T-74;WC-1938;semi-finals;5;1;home team win
M-1938-16;1938-06-16;S-064;T-41;T-09;WC-1938;semi-finals;2;1;home team win
M-1938-17;1938-06-19;S-056;T-09;T-74;WC-1938;third-place match;4;2;home team win
M-1938-18;1938-06-19;S-069;T-41;T-36;WC-1938;final;4;2;home team win
M-1950-01;1950-06-24;S-020;T-09;T-46;WC-1950;group stage;4;0;home team win
M-1950-02;1950-06-25;S-007;T-87;T-75;WC-1950;group stage;3;0;home team win
M-1950-03;1950-06-25;S-020;T-28;T-13;WC-1950;group stage;2;0;home team win
M-1950-04;1950-06-25;S-012;T-73;T-83;WC-1950;group stage;3;1;home team win
M-1950-05;1950-06-25;S-023;T-74;T-41;WC-1950;group stage;3;2;home team win
M-1950-06;1950-06-28;S-023;T-09;T-75;WC-1950;group stage;2;2;draw
M-1950-07;1950-06-28;S-017;T-87;T-46;WC-1950;group stage;4;1;home team win
M-1950-08;1950-06-29;S-020;T-73;T-13;WC-1950;group stage;2;0;home team win
M-1950-09;1950-06-29;S-007;T-83;T-28;WC-1950;group stage;1;0;home team win
M-1950-10;1950-06-29;S-012;T-74;T-55;WC-1950;group stage;2;2;draw
M-1950-11;1950-07-01;S-020;T-09;T-87;WC-1950;group stage;2;0;home team win
M-1950-12;1950-07-02;S-019;T-13;T-83;WC-1950;group stage;5;2;home team win
M-1950-13;1950-07-02;S-020;T-73;T-28;WC-1950;group stage;1;0;home team win
M-1950-14;1950-07-02;S-023;T-41;T-55;WC-1950;group stage;2;0;home team win
M-1950-15;1950-07-02;S-007;T-84;T-07;WC-1950;group stage;8;0;home team win
M-1950-16;1950-07-02;S-017;T-75;T-46;WC-1950;group stage;2;1;home team win
M-1950-17;1950-07-09;S-020;T-09;T-74;WC-1950;final round;7;1;home team win
M-1950-18;1950-07-09;S-023;T-84;T-73;WC-1950;final round;2;2;draw
M-1950-19;1950-07-13;S-020;T-09;T-73;WC-1950;final round;6;1;home team win
M-1950-20;1950-07-13;S-023;T-84;T-74;WC-1950;final round;3;2;home team win
M-1950-21;1950-07-16;S-023;T-74;T-73;WC-1950;final round;3;1;home team win
M-1950-22;1950-07-16;S-020;T-84;T-09;WC-1950;final round;2;1;home team win
M-1954-01;1954-06-16;S-213;T-09;T-46;WC-1954;group stage;5;0;home team win
M-1954-02;1954-06-16;S-214;T-87;T-30;WC-1954;group stage;1;0;home team win
M-1954-03;1954-06-16;S-216;T-05;T-64;WC-1954;group stage;1;0;home team win
M-1954-04;1954-06-16;S-212;T-84;T-21;WC-1954;group stage;2;0;home team win
M-1954-05;1954-06-17;S-214;T-75;T-41;WC-1954;group stage;2;1;home team win
M-1954-06;1954-06-17;S-216;T-36;T-71;WC-1954;group stage;9;0;home team win
M-1954-07;1954-06-17;S-212;T-86;T-80;WC-1954;group stage;4;1;home team win
M-1954-08;1954-06-17;S-211;T-28;T-06;WC-1954;group stage;4;4;draw
M-1954-09;1954-06-19;S-211;T-84;T-64;WC-1954;group stage;7;0;home team win
M-1954-10;1954-06-19;S-214;T-09;T-87;WC-1954;group stage;1;1;draw
M-1954-11;1954-06-19;S-216;T-05;T-21;WC-1954;group stage;5;0;home team win
M-1954-12;1954-06-19;S-213;T-30;T-46;WC-1954;group stage;3;2;home team win
M-1954-13;1954-06-20;S-211;T-36;T-86;WC-1954;group stage;8;3;home team win
M-1954-14;1954-06-20;S-213;T-80;T-71;WC-1954;group stage;7;0;home team win
M-1954-15;1954-06-20;S-215;T-41;T-06;WC-1954;group stage;4;1;home team win
M-1954-16;1954-06-20;S-212;T-28;T-75;WC-1954;group stage;2;0;home team win
M-1954-17;1954-06-23;S-216;T-86;T-80;WC-1954;group stage;7;2;home team win
M-1954-18;1954-06-23;S-211;T-75;T-41;WC-1954;group stage;4;1;home team win
M-1954-19;1954-06-26;S-214;T-05;T-75;WC-1954;quarter-finals;7;5;home team win
M-1954-20;1954-06-26;S-211;T-84;T-28;WC-1954;quarter-finals;4;2;home team win
M-1954-21;1954-06-27;S-212;T-36;T-09;WC-1954;quarter-finals;4;2;home team win
M-1954-22;1954-06-27;S-213;T-86;T-87;WC-1954;quarter-finals;2;0;home team win
M-1954-23;1954-06-30;S-214;T-36;T-84;WC-1954;semi-finals;4;2;home team win
M-1954-24;1954-06-30;S-211;T-86;T-05;WC-1954;semi-finals;6;1;home team win
M-1954-25;1954-07-03;S-216;T-05;T-84;WC-1954;third-place match;3;1;home team win
M-1954-26;1954-07-04;S-212;T-86;T-36;WC-1954;final;3;2;home team win
M-1958-01;1958-06-08;S-208;T-74;T-46;WC-1958;group stage;3;0;home team win
M-1958-02;1958-06-08;S-204;T-03;T-86;WC-1958;group stage;1;3;away team win
M-1958-03;1958-06-08;S-201;T-52;T-21;WC-1958;group stage;1;0;home team win
M-1958-04;1958-06-08;S-205;T-30;T-55;WC-1958;group stage;7;3;home team win
M-1958-05;1958-06-08;S-210;T-87;T-64;WC-1958;group stage;1;1;draw
M-1958-06;1958-06-08;S-207;T-36;T-85;WC-1958;group stage;1;1;draw
M-1958-07;1958-06-08;S-209;T-09;T-05;WC-1958;group stage;3;0;home team win
M-1958-08;1958-06-08;S-200;T-72;T-28;WC-1958;group stage;2;2;draw
M-1958-09;1958-06-11;S-201;T-03;T-52;WC-1958;group stage;3;1;home team win
M-1958-10;1958-06-11;S-202;T-86;T-21;WC-1958;group stage;2;2;draw
M-1958-11;1958-06-11;S-205;T-55;T-64;WC-1958;group stage;3;2;home team win
M-1958-12;1958-06-11;S-210;T-87;T-30;WC-1958;group stage;3;2;home team win
M-1958-13;1958-06-11;S-208;T-46;T-85;WC-1958;group stage;1;1;draw
M-1958-14;1958-06-11;S-200;T-09;T-28;WC-1958;group stage;0;0;draw
M-1958-15;1958-06-11;S-197;T-72;T-05;WC-1958;group stage;2;0;home team win
M-1958-16;1958-06-12;S-208;T-74;T-36;WC-1958;group stage;2;1;home team win
M-1958-17;1958-06-15;S-208;T-74;T-85;WC-1958;group stage;0;0;draw
M-1958-18;1958-06-15;S-202;T-21;T-03;WC-1958;group stage;6;1;home team win
M-1958-19;1958-06-15;S-204;T-86;T-52;WC-1958;group stage;2;2;draw
M-1958-20;1958-06-15;S-206;T-30;T-64;WC-1958;group stage;2;1;home team win
M-1958-21;1958-06-15;S-198;T-55;T-87;WC-1958;group stage;3;3;draw
M-1958-22;1958-06-15;S-207;T-36;T-46;WC-1958;group stage;4;0;home team win
M-1958-23;1958-06-15;S-200;T-09;T-72;WC-1958;group stage;2;0;home team win
M-1958-24;1958-06-15;S-197;T-28;T-05;WC-1958;group stage;2;2;draw
M-1958-25;1958-06-17;S-204;T-52;T-21;WC-1958;group stage;2;1;home team win
M-1958-26;1958-06-17;S-208;T-85;T-36;WC-1958;group stage;2;1;home team win
M-1958-27;1958-06-17;S-200;T-72;T-28;WC-1958;group stage;1;0;home team win
M-1958-28;1958-06-19;S-200;T-09;T-85;WC-1958;quarter-finals;1;0;home team win
M-1958-29;1958-06-19;S-205;T-30;T-52;WC-1958;quarter-finals;4;0;home team win
M-1958-30;1958-06-19;S-208;T-74;T-72;WC-1958;quarter-finals;2;0;home team win
M-1958-31;1958-06-19;S-204;T-86;T-87;WC-1958;quarter-finals;1;0;home team win
M-1958-32;1958-06-24;S-208;T-09;T-30;WC-1958;semi-finals;5;2;home team win
M-1958-33;1958-06-24;S-200;T-74;T-86;WC-1958;semi-finals;3;1;home team win
M-1958-34;1958-06-28;S-200;T-30;T-86;WC-1958;third-place match;6;3;home team win
M-1958-35;1958-06-29;S-208;T-09;T-74;WC-1958;final;5;2;home team win
M-1962-01;1962-05-30;S-030;T-84;T-16;WC-1962;group stage;2;1;home team win
M-1962-02;1962-05-30;S-032;T-13;T-75;WC-1962;group stage;3;1;home team win
M-1962-03;1962-05-30;S-033;T-09;T-46;WC-1962;group stage;2;0;home team win
M-1962-04;1962-05-30;S-031;T-03;T-10;WC-1962;group stage;1;0;home team win
M-1962-05;1962-05-31;S-030;T-72;T-87;WC-1962;group stage;2;0;home team win
M-1962-06;1962-05-31;S-032;T-86;T-41;WC-1962;group stage;0;0;draw
M-1962-07;1962-05-31;S-033;T-21;T-73;WC-1962;group stage;1;0;home team win
M-1962-08;1962-05-31;S-031;T-36;T-28;WC-1962;group stage;2;1;home team win
M-1962-09;1962-06-02;S-030;T-87;T-84;WC-1962;group stage;3;1;home team win
M-1962-10;1962-06-02;S-032;T-13;T-41;WC-1962;group stage;2;0;home team win
M-1962-11;1962-06-02;S-033;T-09;T-21;WC-1962;group stage;0;0;draw
M-1962-12;1962-06-02;S-031;T-28;T-03;WC-1962;group stage;3;1;home team win
M-1962-13;1962-06-03;S-030;T-72;T-16;WC-1962;group stage;4;4;draw
M-1962-14;1962-06-03;S-032;T-86;T-75;WC-1962;group stage;2;1;home team win
M-1962-15;1962-06-03;S-033;T-73;T-46;WC-1962;group stage;1;0;home team win
M-1962-16;1962-06-03;S-031;T-36;T-10;WC-1962;group stage;6;1;home team win
M-1962-17;1962-06-06;S-030;T-72;T-84;WC-1962;group stage;2;1;home team win
M-1962-18;1962-06-06;S-032;T-86;T-13;WC-1962;group stage;2;0;home team win
M-1962-19;1962-06-06;S-033;T-09;T-73;WC-1962;group stage;2;1;home team win
M-1962-20;1962-06-06;S-031;T-36;T-03;WC-1962;group stage;0;0;draw
M-1962-21;1962-06-07;S-030;T-87;T-16;WC-1962;group stage;5;0;home team win
M-1962-22;1962-06-07;S-032;T-41;T-75;WC-1962;group stage;3;0;home team win
M-1962-23;1962-06-07;S-033;T-46;T-21;WC-1962;group stage;3;1;home team win
M-1962-24;1962-06-07;S-031;T-28;T-10;WC-1962;group stage;0;0;draw
M-1962-25;1962-06-10;S-033;T-09;T-28;WC-1962;quarter-finals;3;1;home team win
M-1962-26;1962-06-10;S-030;T-13;T-72;WC-1962;quarter-finals;2;1;home team win
M-1962-27;1962-06-10;S-031;T-21;T-36;WC-1962;quarter-finals;1;0;home team win
M-1962-28;1962-06-10;S-032;T-87;T-86;WC-1962;quarter-finals;1;0;home team win
M-1962-29;1962-06-13;S-032;T-09;T-13;WC-1962;semi-finals;4;2;home team win
M-1962-30;1962-06-13;S-033;T-21;T-87;WC-1962;semi-finals;3;1;home team win
M-1962-31;1962-06-16;S-032;T-13;T-87;WC-1962;third-place match;1;0;home team win
M-1962-32;1962-06-17;S-032;T-09;T-21;WC-1962;final;3;1;home team win
M-1966-01;1966-07-11;S-049;T-28;T-84;WC-1966;group stage;0;0;draw
M-1966-02;1966-07-12;S-053;T-86;T-75;WC-1966;group stage;5;0;home team win
M-1966-03;1966-07-12;S-048;T-09;T-10;WC-1966;group stage;2;0;home team win
M-1966-04;1966-07-12;S-052;T-72;T-51;WC-1966;group stage;3;0;home team win
M-1966-05;1966-07-13;S-049;T-30;T-46;WC-1966;group stage;1;1;draw
M-1966-06;1966-07-13;S-047;T-03;T-73;WC-1966;group stage;2;1;home team win
M-1966-07;1966-07-13;S-051;T-58;T-36;WC-1966;group stage;3;1;home team win
M-1966-08;1966-07-13;S-054;T-41;T-13;WC-1966;group stage;2;0;home team win
M-1966-09;1966-07-15;S-050;T-84;T-30;WC-1966;group stage;2;1;home team win
M-1966-10;1966-07-15;S-053;T-73;T-75;WC-1966;group stage;2;1;home team win
M-1966-11;1966-07-15;S-048;T-36;T-09;WC-1966;group stage;3;1;home team win
M-1966-12;1966-07-15;S-052;T-13;T-51;WC-1966;group stage;1;1;draw
M-1966-13;1966-07-16;S-047;T-03;T-86;WC-1966;group stage;0;0;draw
M-1966-14;1966-07-16;S-051;T-58;T-10;WC-1966;group stage;3;0;home team win
M-1966-15;1966-07-16;S-054;T-72;T-41;WC-1966;group stage;1;0;home team win
M-1966-16;1966-07-16;S-049;T-28;T-46;WC-1966;group stage;2;0;home team win
M-1966-17;1966-07-19;S-049;T-46;T-84;WC-1966;group stage;0;0;draw
M-1966-18;1966-07-19;S-053;T-03;T-75;WC-1966;group stage;2;0;home team win
M-1966-19;1966-07-19;S-048;T-58;T-09;WC-1966;group stage;3;1;home team win
M-1966-20;1966-07-19;S-052;T-51;T-41;WC-1966;group stage;1;0;home team win
M-1966-21;1966-07-20;S-049;T-28;T-30;WC-1966;group stage;2;0;home team win
M-1966-22;1966-07-20;S-047;T-86;T-73;WC-1966;group stage;2;1;home team win
M-1966-23;1966-07-20;S-051;T-36;T-10;WC-1966;group stage;3;1;home team win
M-1966-24;1966-07-20;S-054;T-72;T-13;WC-1966;group stage;2;1;home team win
M-1966-25;1966-07-23;S-049;T-28;T-03;WC-1966;quarter-finals;1;0;home team win
M-1966-26;1966-07-23;S-048;T-58;T-51;WC-1966;quarter-finals;5;3;home team win
M-1966-27;1966-07-23;S-054;T-72;T-36;WC-1966;quarter-finals;2;1;home team win
M-1966-28;1966-07-23;S-053;T-86;T-84;WC-1966;quarter-finals;4;0;home team win
M-1966-29;1966-07-25;S-048;T-86;T-72;WC-1966;semi-finals;2;1;home team win
M-1966-30;1966-07-26;S-049;T-28;T-58;WC-1966;semi-finals;2;1;home team win
M-1966-31;1966-07-28;S-049;T-58;T-72;WC-1966;third-place match;2;1;home team win
M-1966-32;1966-07-30;S-049;T-28;T-86;WC-1966;final;4;2;home team win
M-1970-01;1970-05-31;S-132;T-46;T-72;WC-1970;group stage;0;0;draw
M-1970-02;1970-06-02;S-137;T-84;T-40;WC-1970;group stage;2;0;home team win
M-1970-03;1970-06-02;S-128;T-28;T-61;WC-1970;group stage;1;0;home team win
M-1970-04;1970-06-02;S-131;T-56;T-10;WC-1970;group stage;3;2;home team win
M-1970-05;1970-06-03;S-132;T-06;T-27;WC-1970;group stage;3;0;home team win
M-1970-06;1970-06-03;S-139;T-41;T-74;WC-1970;group stage;1;0;home team win
M-1970-07;1970-06-03;S-128;T-09;T-21;WC-1970;group stage;4;1;home team win
M-1970-08;1970-06-03;S-131;T-86;T-47;WC-1970;group stage;2;1;home team win
M-1970-09;1970-06-06;S-132;T-72;T-06;WC-1970;group stage;4;1;home team win
M-1970-10;1970-06-06;S-137;T-84;T-41;WC-1970;group stage;0;0;draw
M-1970-11;1970-06-06;S-128;T-61;T-21;WC-1970;group stage;2;1;home team win
M-1970-12;1970-06-06;S-131;T-56;T-47;WC-1970;group stage;3;0;home team win
M-1970-13;1970-06-07;S-132;T-46;T-27;WC-1970;group stage;4;0;home team win
M-1970-14;1970-06-07;S-139;T-74;T-40;WC-1970;group stage;1;1;draw
M-1970-15;1970-06-07;S-128;T-09;T-28;WC-1970;group stage;1;0;home team win
M-1970-16;1970-06-07;S-131;T-86;T-10;WC-1970;group stage;5;2;home team win
M-1970-17;1970-06-10;S-132;T-72;T-27;WC-1970;group stage;2;0;home team win
M-1970-18;1970-06-10;S-137;T-74;T-84;WC-1970;group stage;1;0;home team win
M-1970-19;1970-06-10;S-128;T-09;T-61;WC-1970;group stage;3;2;home team win
M-1970-20;1970-06-10;S-131;T-86;T-56;WC-1970;group stage;3;1;home team win
M-1970-21;1970-06-11;S-132;T-46;T-06;WC-1970;group stage;1;0;home team win
M-1970-22;1970-06-11;S-139;T-41;T-40;WC-1970;group stage;0;0;draw
M-1970-23;1970-06-11;S-128;T-28;T-21;WC-1970;group stage;1;0;home team win
M-1970-24;1970-06-11;S-131;T-10;T-47;WC-1970;group stage;1;1;draw
M-1970-25;1970-06-14;S-128;T-09;T-56;WC-1970;quarter-finals;4;2;home team win
M-1970-26;1970-06-14;S-139;T-41;T-46;WC-1970;quarter-finals;4;1;home team win
M-1970-27;1970-06-14;S-132;T-72;T-84;WC-1970;quarter-finals;0;1;away team win
M-1970-28;1970-06-14;S-131;T-86;T-28;WC-1970;quarter-finals;3;2;home team win
M-1970-29;1970-06-17;S-128;T-09;T-84;WC-1970;semi-finals;3;1;home team win
M-1970-30;1970-06-17;S-132;T-41;T-86;WC-1970;semi-finals;4;3;home team win
M-1970-31;1970-06-20;S-132;T-86;T-84;WC-1970;third-place match;1;0;home team win
M-1970-32;1970-06-21;S-132;T-09;T-41;WC-1970;final;4;1;home team win
M-1974-01;1974-06-13;S-086;T-09;T-87;WC-1974;group stage;0;0;draw
M-1974-02;1974-06-14;S-080;T-86;T-13;WC-1974;group stage;1;0;home team win
M-1974-03;1974-06-14;S-089;T-24;T-04;WC-1974;group stage;2;0;home team win
M-1974-04;1974-06-14;S-083;T-88;T-64;WC-1974;group stage;0;2;away team win
M-1974-05;1974-06-15;S-085;T-74;T-10;WC-1974;group stage;0;0;draw
M-1974-06;1974-06-15;S-090;T-84;T-48;WC-1974;group stage;0;2;away team win
M-1974-07;1974-06-15;S-096;T-41;T-34;WC-1974;group stage;3;1;home team win
M-1974-08;1974-06-15;S-099;T-57;T-03;WC-1974;group stage;3;2;home team win
M-1974-09;1974-06-18;S-089;T-04;T-86;WC-1974;group stage;0;3;away team win
M-1974-10;1974-06-18;S-080;T-13;T-24;WC-1974;group stage;1;1;draw
M-1974-11;1974-06-18;S-086;T-64;T-09;WC-1974;group stage;0;0;draw
M-1974-12;1974-06-18;S-088;T-87;T-88;WC-1974;group stage;9;0;home team win
M-1974-13;1974-06-19;S-090;T-10;T-84;WC-1974;group stage;1;1;draw
M-1974-14;1974-06-19;S-083;T-48;T-74;WC-1974;group stage;0;0;draw
M-1974-15;1974-06-19;S-099;T-03;T-41;WC-1974;group stage;1;1;draw
M-1974-16;1974-06-19;S-096;T-34;T-57;WC-1974;group stage;0;7;away team win
M-1974-17;1974-06-22;S-080;T-04;T-13;WC-1974;group stage;0;0;draw
M-1974-18;1974-06-22;S-086;T-64;T-87;WC-1974;group stage;1;1;draw
M-1974-19;1974-06-22;S-088;T-88;T-09;WC-1974;group stage;0;3;away team win
M-1974-20;1974-06-22;S-089;T-24;T-86;WC-1974;group stage;1;0;home team win
M-1974-21;1974-06-23;S-083;T-10;T-48;WC-1974;group stage;1;4;away team win
M-1974-22;1974-06-23;S-085;T-74;T-84;WC-1974;group stage;3;0;home team win
M-1974-23;1974-06-23;S-096;T-03;T-34;WC-1974;group stage;4;1;home team win
M-1974-24;1974-06-23;S-099;T-57;T-41;WC-1974;group stage;2;1;home team win
M-1974-25;1974-06-26;S-085;T-87;T-86;WC-1974;second group stage;0;2;away team win
M-1974-26;1974-06-26;S-090;T-09;T-24;WC-1974;second group stage;1;0;home team win
M-1974-27;1974-06-26;S-088;T-48;T-03;WC-1974;second group stage;4;0;home team win
M-1974-28;1974-06-26;S-099;T-74;T-57;WC-1974;second group stage;0;1;away team win
M-1974-29;1974-06-30;S-090;T-03;T-09;WC-1974;second group stage;1;2;away team win
M-1974-30;1974-06-30;S-088;T-24;T-48;WC-1974;second group stage;0;2;away team win
M-1974-31;1974-06-30;S-086;T-57;T-87;WC-1974;second group stage;2;1;home team win
M-1974-32;1974-06-30;S-085;T-86;T-74;WC-1974;second group stage;4;2;home team win
M-1974-33;1974-07-03;S-086;T-57;T-86;WC-1974;second group stage;0;1;away team win
M-1974-34;1974-07-03;S-088;T-03;T-24;WC-1974;second group stage;1;1;draw
M-1974-35;1974-07-03;S-083;T-48;T-09;WC-1974;second group stage;2;0;home team win
M-1974-36;1974-07-03;S-085;T-74;T-87;WC-1974;second group stage;2;1;home team win
M-1974-37;1974-07-06;S-096;T-09;T-57;WC-1974;third-place match;0;1;away team win
M-1974-38;1974-07-07;S-096;T-48;T-86;WC-1974;final;1;2;away team win
M-1978-01;1978-06-01;S-002;T-86;T-57;WC-1978;group stage;0;0;draw
M-1978-02;1978-06-02;S-004;T-41;T-30;WC-1978;group stage;2;1;home team win
M-1978-03;1978-06-02;S-006;T-79;T-46;WC-1978;group stage;3;1;home team win
M-1978-04;1978-06-02;S-002;T-03;T-36;WC-1978;group stage;2;1;home team win
M-1978-05;1978-06-03;S-001;T-05;T-73;WC-1978;group stage;2;1;home team win
M-1978-06;1978-06-03;S-004;T-09;T-74;WC-1978;group stage;1;1;draw
M-1978-07;1978-06-03;S-005;T-48;T-38;WC-1978;group stage;3;0;home team win
M-1978-08;1978-06-03;S-003;T-56;T-64;WC-1978;group stage;3;1;home team win
M-1978-09;1978-06-06;S-004;T-41;T-36;WC-1978;group stage;3;1;home team win
M-1978-10;1978-06-06;S-006;T-57;T-79;WC-1978;group stage;1;0;home team win
M-1978-11;1978-06-06;S-003;T-86;T-46;WC-1978;group stage;6;0;home team win
M-1978-12;1978-06-06;S-002;T-03;T-30;WC-1978;group stage;2;1;home team win
M-1978-13;1978-06-07;S-001;T-05;T-74;WC-1978;group stage;1;0;home team win
M-1978-14;1978-06-07;S-004;T-09;T-73;WC-1978;group stage;0;0;draw
M-1978-15;1978-06-07;S-005;T-48;T-56;WC-1978;group stage;0;0;draw
M-1978-16;1978-06-07;S-003;T-64;T-38;WC-1978;group stage;1;1;draw
M-1978-17;1978-06-10;S-004;T-30;T-36;WC-1978;group stage;3;1;home team win
M-1978-18;1978-06-10;S-006;T-57;T-46;WC-1978;group stage;3;1;home team win
M-1978-19;1978-06-10;S-003;T-86;T-79;WC-1978;group stage;0;0;draw
M-1978-20;1978-06-10;S-002;T-03;T-41;WC-1978;group stage;0;1;away team win
M-1978-21;1978-06-11;S-004;T-09;T-05;WC-1978;group stage;1;0;home team win
M-1978-22;1978-06-11;S-001;T-73;T-74;WC-1978;group stage;1;0;home team win
M-1978-23;1978-06-11;S-003;T-56;T-38;WC-1978;group stage;4;1;home team win
M-1978-24;1978-06-11;S-005;T-64;T-48;WC-1978;group stage;3;2;home team win
M-1978-25;1978-06-14;S-003;T-05;T-48;WC-1978;second group stage;1;5;away team win
M-1978-26;1978-06-14;S-002;T-41;T-86;WC-1978;second group stage;0;0;draw
M-1978-27;1978-06-14;S-005;T-09;T-56;WC-1978;second group stage;3;0;home team win
M-1978-28;1978-06-14;S-006;T-03;T-57;WC-1978;second group stage;2;0;home team win
M-1978-29;1978-06-18;S-005;T-56;T-57;WC-1978;second group stage;0;1;away team win
M-1978-30;1978-06-18;S-002;T-41;T-05;WC-1978;second group stage;1;0;home team win
M-1978-31;1978-06-18;S-003;T-48;T-86;WC-1978;second group stage;2;2;draw
M-1978-32;1978-06-18;S-006;T-03;T-09;WC-1978;second group stage;0;0;draw
M-1978-33;1978-06-21;S-003;T-05;T-86;WC-1978;second group stage;3;2;home team win
M-1978-34;1978-06-21;S-002;T-41;T-48;WC-1978;second group stage;1;2;away team win
M-1978-35;1978-06-21;S-005;T-09;T-57;WC-1978;second group stage;3;1;home team win
M-1978-36;1978-06-21;S-006;T-03;T-56;WC-1978;second group stage;6;0;home team win
M-1978-37;1978-06-24;S-002;T-09;T-41;WC-1978;third-place match;2;1;home team win
M-1978-38;1978-06-25;S-002;T-03;T-48;WC-1978;final;3;1;home team win
M-1982-01;1982-06-13;S-182;T-03;T-06;WC-1982;group stage;0;1;away team win
M-1982-02;1982-06-14;S-195;T-41;T-57;WC-1982;group stage;0;0;draw
M-1982-03;1982-06-14;S-192;T-09;T-72;WC-1982;group stage;2;1;home team win
M-1982-04;1982-06-15;S-180;T-56;T-11;WC-1982;group stage;0;0;draw
M-1982-05;1982-06-15;S-185;T-36;T-27;WC-1982;group stage;10;1;home team win
M-1982-06;1982-06-15;S-189;T-64;T-49;WC-1982;group stage;5;2;home team win
M-1982-07;1982-06-16;S-186;T-86;T-01;WC-1982;group stage;1;2;away team win
M-1982-08;1982-06-16;S-184;T-28;T-30;WC-1982;group stage;3;1;home team win
M-1982-09;1982-06-16;S-193;T-73;T-35;WC-1982;group stage;1;1;draw
M-1982-10;1982-06-17;S-190;T-13;T-05;WC-1982;group stage;0;1;away team win
M-1982-11;1982-06-17;S-194;T-21;T-45;WC-1982;group stage;1;1;draw
M-1982-12;1982-06-17;S-196;T-87;T-52;WC-1982;group stage;0;0;draw
M-1982-13;1982-06-18;S-195;T-41;T-56;WC-1982;group stage;1;1;draw
M-1982-14;1982-06-18;S-181;T-03;T-36;WC-1982;group stage;4;1;home team win
M-1982-15;1982-06-18;S-191;T-09;T-64;WC-1982;group stage;4;1;home team win
M-1982-16;1982-06-19;S-180;T-57;T-11;WC-1982;group stage;0;0;draw
M-1982-17;1982-06-19;S-185;T-06;T-27;WC-1982;group stage;1;0;home team win
M-1982-18;1982-06-19;S-189;T-72;T-49;WC-1982;group stage;3;0;home team win
M-1982-19;1982-06-20;S-186;T-86;T-13;WC-1982;group stage;4;1;home team win
M-1982-20;1982-06-20;S-184;T-28;T-21;WC-1982;group stage;2;0;home team win
M-1982-21;1982-06-20;S-193;T-73;T-87;WC-1982;group stage;2;1;home team win
M-1982-22;1982-06-21;S-190;T-01;T-05;WC-1982;group stage;0;2;away team win
M-1982-23;1982-06-21;S-194;T-30;T-45;WC-1982;group stage;4;1;home team win
M-1982-24;1982-06-21;S-196;T-35;T-52;WC-1982;group stage;1;1;draw
M-1982-25;1982-06-22;S-180;T-57;T-56;WC-1982;group stage;5;1;home team win
M-1982-26;1982-06-22;S-185;T-06;T-36;WC-1982;group stage;1;1;draw
M-1982-27;1982-06-22;S-189;T-72;T-64;WC-1982;group stage;2;2;draw
M-1982-28;1982-06-23;S-195;T-41;T-11;WC-1982;group stage;1;1;draw
M-1982-29;1982-06-23;S-181;T-03;T-27;WC-1982;group stage;2;0;home team win
M-1982-30;1982-06-23;S-191;T-09;T-49;WC-1982;group stage;4;0;home team win
M-1982-31;1982-06-24;S-190;T-01;T-13;WC-1982;group stage;3;2;home team win
M-1982-32;1982-06-24;S-194;T-30;T-21;WC-1982;group stage;1;1;draw
M-1982-33;1982-06-24;S-196;T-35;T-87;WC-1982;group stage;0;1;away team win
M-1982-34;1982-06-25;S-186;T-86;T-05;WC-1982;group stage;1;0;home team win
M-1982-35;1982-06-25;S-184;T-28;T-45;WC-1982;group stage;1;0;home team win
M-1982-36;1982-06-25;S-193;T-73;T-52;WC-1982;group stage;0;1;away team win
M-1982-37;1982-06-28;S-188;T-05;T-30;WC-1982;second group stage;0;1;away team win
M-1982-38;1982-06-28;S-182;T-57;T-06;WC-1982;second group stage;3;0;home team win
M-1982-39;1982-06-29;S-183;T-41;T-03;WC-1982;second group stage;2;1;home team win
M-1982-40;1982-06-29;S-187;T-86;T-28;WC-1982;second group stage;0;0;draw
M-1982-41;1982-07-01;S-188;T-05;T-52;WC-1982;second group stage;2;2;draw
M-1982-42;1982-07-01;S-182;T-06;T-72;WC-1982;second group stage;0;1;away team win
M-1982-43;1982-07-02;S-183;T-03;T-09;WC-1982;second group stage;1;3;away team win
M-1982-44;1982-07-02;S-187;T-86;T-73;WC-1982;second group stage;2;1;home team win
M-1982-45;1982-07-04;S-188;T-30;T-52;WC-1982;second group stage;4;1;home team win
M-1982-46;1982-07-04;S-182;T-72;T-57;WC-1982;second group stage;0;0;draw
M-1982-47;1982-07-05;S-183;T-41;T-09;WC-1982;second group stage;3;2;home team win
M-1982-48;1982-07-05;S-187;T-73;T-28;WC-1982;second group stage;0;0;draw
M-1982-49;1982-07-08;S-182;T-57;T-41;WC-1982;semi-finals;0;2;away team win
M-1982-50;1982-07-08;S-192;T-86;T-30;WC-1982;semi-finals;3;3;home team win
M-1982-51;1982-07-10;S-181;T-57;T-30;WC-1982;third-place match;3;2;home team win
M-1982-52;1982-07-11;S-187;T-41;T-86;WC-1982;final;3;1;home team win
M-1986-01;1986-05-31;S-132;T-10;T-41;WC-1986;group stage;1;1;draw
M-1986-02;1986-06-01;S-128;T-73;T-09;WC-1986;group stage;0;1;away team win
M-1986-03;1986-06-01;S-131;T-12;T-30;WC-1986;group stage;0;1;away team win
M-1986-04;1986-06-02;S-133;T-03;T-71;WC-1986;group stage;3;1;home team win
M-1986-05;1986-06-02;S-130;T-72;T-36;WC-1986;group stage;6;0;home team win
M-1986-06;1986-06-02;S-135;T-47;T-57;WC-1986;group stage;0;0;draw
M-1986-07;1986-06-03;S-132;T-06;T-46;WC-1986;group stage;1;2;away team win
M-1986-08;1986-06-03;S-129;T-01;T-52;WC-1986;group stage;1;1;draw
M-1986-09;1986-06-03;S-134;T-58;T-28;WC-1986;group stage;1;0;home team win
M-1986-10;1986-06-04;S-139;T-55;T-39;WC-1986;group stage;1;0;home team win
M-1986-11;1986-06-04;S-138;T-84;T-86;WC-1986;group stage;1;1;draw
M-1986-12;1986-06-04;S-136;T-64;T-22;WC-1986;group stage;0;1;away team win
M-1986-13;1986-06-05;S-137;T-41;T-03;WC-1986;group stage;1;1;draw
M-1986-14;1986-06-05;S-131;T-30;T-72;WC-1986;group stage;1;1;draw
M-1986-15;1986-06-05;S-133;T-71;T-10;WC-1986;group stage;1;1;draw
M-1986-16;1986-06-06;S-130;T-36;T-12;WC-1986;group stage;2;0;home team win
M-1986-17;1986-06-06;S-128;T-09;T-01;WC-1986;group stage;1;0;home team win
M-1986-18;1986-06-06;S-134;T-28;T-47;WC-1986;group stage;0;0;draw
M-1986-19;1986-06-07;S-132;T-46;T-55;WC-1986;group stage;1;1;draw
M-1986-20;1986-06-07;S-129;T-52;T-73;WC-1986;group stage;1;2;away team win
M-1986-21;1986-06-07;S-135;T-57;T-58;WC-1986;group stage;1;0;home team win
M-1986-22;1986-06-08;S-139;T-39;T-06;WC-1986;group stage;1;2;away team win
M-1986-23;1986-06-08;S-138;T-86;T-64;WC-1986;group stage;2;1;home team win
M-1986-24;1986-06-08;S-136;T-22;T-84;WC-1986;group stage;6;1;home team win
M-1986-25;1986-06-09;S-131;T-36;T-30;WC-1986;group stage;0;3;away team win
M-1986-26;1986-06-09;S-130;T-72;T-12;WC-1986;group stage;2;0;home team win
M-1986-27;1986-06-10;S-133;T-03;T-10;WC-1986;group stage;2;0;home team win
M-1986-28;1986-06-10;S-137;T-71;T-41;WC-1986;group stage;2;3;away team win
M-1986-29;1986-06-11;S-132;T-39;T-46;WC-1986;group stage;0;1;away team win
M-1986-30;1986-06-11;S-139;T-55;T-06;WC-1986;group stage;2;2;draw
M-1986-31;1986-06-11;S-135;T-28;T-57;WC-1986;group stage;3;0;home team win
M-1986-32;1986-06-11;S-129;T-58;T-47;WC-1986;group stage;1;3;away team win
M-1986-33;1986-06-12;S-134;T-01;T-73;WC-1986;group stage;0;3;away team win
M-1986-34;1986-06-12;S-128;T-52;T-09;WC-1986;group stage;0;3;away team win
M-1986-35;1986-06-13;S-138;T-22;T-86;WC-1986;group stage;2;0;home team win
M-1986-36;1986-06-13;S-136;T-64;T-84;WC-1986;group stage;0;0;draw
M-1986-37;1986-06-15;S-132;T-46;T-10;WC-1986;round of 16;2;0;home team win
M-1986-38;1986-06-15;S-131;T-72;T-06;WC-1986;round of 16;3;4;away team win
M-1986-39;1986-06-16;S-128;T-09;T-57;WC-1986;round of 16;4;0;home team win
M-1986-40;1986-06-16;S-137;T-03;T-84;WC-1986;round of 16;1;0;home team win
M-1986-41;1986-06-17;S-133;T-41;T-30;WC-1986;round of 16;0;2;away team win
M-1986-42;1986-06-17;S-135;T-47;T-86;WC-1986;round of 16;0;1;away team win
M-1986-43;1986-06-18;S-132;T-28;T-55;WC-1986;round of 16;3;0;home team win
M-1986-44;1986-06-18;S-138;T-22;T-73;WC-1986;round of 16;1;5;away team win
M-1986-45;1986-06-21;S-128;T-09;T-30;WC-1986;quarter-finals;1;1;away team win
M-1986-46;1986-06-21;S-135;T-86;T-46;WC-1986;quarter-finals;0;0;home team win
M-1986-47;1986-06-22;S-132;T-03;T-28;WC-1986;quarter-finals;2;1;home team win
M-1986-48;1986-06-22;S-137;T-73;T-06;WC-1986;quarter-finals;1;1;away team win
M-1986-49;1986-06-25;S-128;T-30;T-86;WC-1986;semi-finals;0;2;away team win
M-1986-50;1986-06-25;S-132;T-03;T-06;WC-1986;semi-finals;2;0;home team win
M-1986-51;1986-06-28;S-137;T-06;T-30;WC-1986;third-place match;2;4;away team win
M-1986-52;1986-06-29;S-132;T-03;T-86;WC-1986;final;3;2;home team win
M-1990-01;1990-06-08;S-107;T-03;T-11;WC-1990;group stage;0;1;away team win
M-1990-02;1990-06-09;S-101;T-72;T-61;WC-1990;group stage;0;2;away team win
M-1990-03;1990-06-09;S-102;T-82;T-16;WC-1990;group stage;0;2;away team win
M-1990-04;1990-06-09;S-112;T-41;T-05;WC-1990;group stage;1;0;home team win
M-1990-05;1990-06-10;S-104;T-83;T-21;WC-1990;group stage;1;5;away team win
M-1990-06;1990-06-10;S-115;T-09;T-74;WC-1990;group stage;2;1;home team win
M-1990-07;1990-06-10;S-107;T-86;T-87;WC-1990;group stage;4;1;home team win
M-1990-08;1990-06-11;S-106;T-17;T-64;WC-1990;group stage;1;0;home team win
M-1990-09;1990-06-11;S-103;T-28;T-60;WC-1990;group stage;1;1;draw
M-1990-10;1990-06-12;S-117;T-06;T-71;WC-1990;group stage;2;0;home team win
M-1990-11;1990-06-12;S-110;T-48;T-26;WC-1990;group stage;1;1;draw
M-1990-12;1990-06-13;S-116;T-84;T-73;WC-1990;group stage;0;0;draw
M-1990-13;1990-06-13;S-109;T-03;T-72;WC-1990;group stage;2;0;home team win
M-1990-14;1990-06-14;S-101;T-11;T-61;WC-1990;group stage;2;1;home team win
M-1990-15;1990-06-14;S-102;T-87;T-16;WC-1990;group stage;1;0;home team win
M-1990-16;1990-06-14;S-112;T-41;T-83;WC-1990;group stage;1;0;home team win
M-1990-17;1990-06-15;S-104;T-05;T-21;WC-1990;group stage;0;1;away team win
M-1990-18;1990-06-15;S-107;T-86;T-82;WC-1990;group stage;5;1;home team win
M-1990-19;1990-06-16;S-115;T-09;T-17;WC-1990;group stage;1;0;home team win
M-1990-20;1990-06-16;S-106;T-74;T-64;WC-1990;group stage;1;2;away team win
M-1990-21;1990-06-16;S-103;T-28;T-48;WC-1990;group stage;0;0;draw
M-1990-22;1990-06-17;S-110;T-60;T-26;WC-1990;group stage;0;0;draw
M-1990-23;1990-06-17;S-117;T-06;T-84;WC-1990;group stage;3;1;home team win
M-1990-24;1990-06-17;S-116;T-71;T-73;WC-1990;group stage;1;3;away team win
M-1990-25;1990-06-18;S-109;T-03;T-61;WC-1990;group stage;1;1;draw
M-1990-26;1990-06-18;S-101;T-11;T-72;WC-1990;group stage;0;4;away team win
M-1990-27;1990-06-19;S-107;T-86;T-16;WC-1990;group stage;1;1;draw
M-1990-28;1990-06-19;S-102;T-87;T-82;WC-1990;group stage;4;1;home team win
M-1990-29;1990-06-19;S-104;T-05;T-83;WC-1990;group stage;2;1;home team win
M-1990-30;1990-06-19;S-112;T-41;T-21;WC-1990;group stage;2;0;home team win
M-1990-31;1990-06-20;S-115;T-09;T-64;WC-1990;group stage;1;0;home team win
M-1990-32;1990-06-20;S-106;T-74;T-17;WC-1990;group stage;1;2;away team win
M-1990-33;1990-06-21;S-117;T-06;T-73;WC-1990;group stage;1;2;away team win
M-1990-34;1990-06-21;S-116;T-71;T-84;WC-1990;group stage;0;1;away team win
M-1990-35;1990-06-21;S-103;T-28;T-26;WC-1990;group stage;1;0;home team win
M-1990-36;1990-06-21;S-110;T-60;T-48;WC-1990;group stage;1;1;draw
M-1990-37;1990-06-23;S-109;T-11;T-16;WC-1990;round of 16;2;1;home team win
M-1990-38;1990-06-23;S-101;T-21;T-17;WC-1990;round of 16;4;1;home team win
M-1990-39;1990-06-24;S-115;T-09;T-03;WC-1990;round of 16;0;1;away team win
M-1990-40;1990-06-24;S-107;T-86;T-48;WC-1990;round of 16;2;1;home team win
M-1990-41;1990-06-25;S-106;T-60;T-61;WC-1990;round of 16;0;0;home team win
M-1990-42;1990-06-25;S-112;T-41;T-84;WC-1990;round of 16;2;0;home team win
M-1990-43;1990-06-26;S-117;T-73;T-87;WC-1990;round of 16;1;2;away team win
M-1990-44;1990-06-26;S-102;T-28;T-06;WC-1990;round of 16;1;0;home team win
M-1990-45;1990-06-30;S-104;T-03;T-87;WC-1990;quarter-finals;0;0;home team win
M-1990-46;1990-06-30;S-112;T-60;T-41;WC-1990;quarter-finals;0;1;away team win
M-1990-47;1990-07-01;S-107;T-21;T-86;WC-1990;quarter-finals;0;1;away team win
M-1990-48;1990-07-01;S-109;T-11;T-28;WC-1990;quarter-finals;2;3;away team win
M-1990-49;1990-07-03;S-109;T-03;T-41;WC-1990;semi-finals;1;1;home team win
M-1990-50;1990-07-04;S-115;T-86;T-28;WC-1990;semi-finals;1;1;home team win
M-1990-51;1990-07-07;S-101;T-41;T-28;WC-1990;third-place match;2;1;home team win
M-1990-52;1990-07-08;S-112;T-86;T-03;WC-1990;final;1;0;home team win
M-1991-01;1991-11-16;S-038;T-14;T-53;WC-1991;group stage;4;0;home team win
M-1991-02;1991-11-17;S-042;T-31;T-50;WC-1991;group stage;4;0;home team win
M-1991-03;1991-11-17;S-038;T-22;T-49;WC-1991;group stage;3;0;home team win
M-1991-04;1991-11-17;S-035;T-44;T-09;WC-1991;group stage;0;1;away team win
M-1991-05;1991-11-17;S-040;T-74;T-83;WC-1991;group stage;2;3;away team win
M-1991-06;1991-11-17;S-042;T-15;T-41;WC-1991;group stage;0;5;away team win
M-1991-07;1991-11-19;S-036;T-53;T-49;WC-1991;group stage;4;0;home team win
M-1991-08;1991-11-19;S-046;T-41;T-50;WC-1991;group stage;1;0;home team win
M-1991-09;1991-11-19;S-036;T-14;T-22;WC-1991;group stage;2;2;draw
M-1991-10;1991-11-19;S-040;T-09;T-83;WC-1991;group stage;0;5;away team win
M-1991-11;1991-11-19;S-035;T-44;T-74;WC-1991;group stage;0;8;away team win
M-1991-12;1991-11-19;S-046;T-15;T-31;WC-1991;group stage;0;3;away team win
M-1991-13;1991-11-21;S-040;T-09;T-74;WC-1991;group stage;0;2;away team win
M-1991-14;1991-11-21;S-035;T-44;T-83;WC-1991;group stage;0;3;away team win
M-1991-15;1991-11-21;S-035;T-14;T-49;WC-1991;group stage;4;1;home team win
M-1991-16;1991-11-21;S-035;T-53;T-22;WC-1991;group stage;2;1;home team win
M-1991-17;1991-11-21;S-042;T-15;T-50;WC-1991;group stage;2;0;home team win
M-1991-18;1991-11-21;S-046;T-41;T-31;WC-1991;group stage;0;2;away team win
M-1991-19;1991-11-24;S-046;T-22;T-31;WC-1991;quarter-final;1;2;away team win
M-1991-20;1991-11-24;S-039;T-14;T-74;WC-1991;quarter-final;0;1;away team win
M-1991-21;1991-11-24;S-042;T-53;T-41;WC-1991;quarter-final;3;2;home team win
M-1991-22;1991-11-24;S-035;T-83;T-15;WC-1991;quarter-final;7;0;home team win
M-1991-23;1991-11-27;S-040;T-74;T-53;WC-1991;semi-final;1;4;away team win
M-1991-24;1991-11-27;S-037;T-31;T-83;WC-1991;semi-final;2;5;away team win
M-1991-25;1991-11-29;S-036;T-74;T-31;WC-1991;third-place match;4;0;home team win
M-1991-26;1991-11-30;S-039;T-53;T-83;WC-1991;final;1;2;away team win
M-1994-01;1994-06-17;S-219;T-31;T-07;WC-1994;group stage;1;0;home team win
M-1994-02;1994-06-17;S-221;T-73;T-71;WC-1994;group stage;2;2;draw
M-1994-03;1994-06-18;S-230;T-83;T-75;WC-1994;group stage;1;1;draw
M-1994-04;1994-06-18;S-222;T-41;T-60;WC-1994;group stage;0;1;away team win
M-1994-05;1994-06-18;S-228;T-16;T-61;WC-1994;group stage;1;3;away team win
M-1994-06;1994-06-19;S-227;T-06;T-47;WC-1994;group stage;1;0;home team win
M-1994-07;1994-06-19;S-237;T-53;T-46;WC-1994;group stage;1;0;home team win
M-1994-08;1994-06-19;S-228;T-11;T-74;WC-1994;group stage;2;2;draw
M-1994-09;1994-06-20;S-235;T-09;T-62;WC-1994;group stage;2;0;home team win
M-1994-10;1994-06-20;S-237;T-48;T-63;WC-1994;group stage;2;1;home team win
M-1994-11;1994-06-21;S-223;T-03;T-33;WC-1994;group stage;4;0;home team win
M-1994-12;1994-06-21;S-219;T-31;T-73;WC-1994;group stage;1;1;draw
M-1994-13;1994-06-21;S-221;T-50;T-10;WC-1994;group stage;3;0;home team win
M-1994-14;1994-06-22;S-230;T-61;T-75;WC-1994;group stage;1;4;away team win
M-1994-15;1994-06-22;S-228;T-83;T-16;WC-1994;group stage;2;1;home team win
M-1994-16;1994-06-23;S-222;T-41;T-53;WC-1994;group stage;1;0;home team win
M-1994-17;1994-06-23;S-223;T-71;T-07;WC-1994;group stage;0;0;draw
M-1994-18;1994-06-24;S-227;T-46;T-60;WC-1994;group stage;2;1;home team win
M-1994-19;1994-06-24;S-235;T-09;T-11;WC-1994;group stage;3;0;home team win
M-1994-20;1994-06-24;S-230;T-74;T-62;WC-1994;group stage;3;1;home team win
M-1994-21;1994-06-25;S-227;T-06;T-48;WC-1994;group stage;1;0;home team win
M-1994-22;1994-06-25;S-222;T-63;T-47;WC-1994;group stage;2;1;home team win
M-1994-23;1994-06-25;S-223;T-03;T-50;WC-1994;group stage;2;1;home team win
M-1994-24;1994-06-26;S-219;T-10;T-33;WC-1994;group stage;4;0;home team win
M-1994-25;1994-06-26;S-235;T-75;T-16;WC-1994;group stage;0;2;away team win
M-1994-26;1994-06-26;S-228;T-83;T-61;WC-1994;group stage;0;1;away team win
M-1994-27;1994-06-27;S-219;T-07;T-73;WC-1994;group stage;1;3;away team win
M-1994-28;1994-06-27;S-221;T-31;T-71;WC-1994;group stage;3;2;home team win
M-1994-29;1994-06-28;S-237;T-41;T-46;WC-1994;group stage;1;1;draw
M-1994-30;1994-06-28;S-222;T-60;T-53;WC-1994;group stage;0;0;draw
M-1994-31;1994-06-28;S-235;T-62;T-11;WC-1994;group stage;6;1;home team win
M-1994-32;1994-06-28;S-230;T-09;T-74;WC-1994;group stage;1;1;draw
M-1994-33;1994-06-29;S-237;T-06;T-63;WC-1994;group stage;0;1;away team win
M-1994-34;1994-06-29;S-227;T-47;T-48;WC-1994;group stage;1;2;away team win
M-1994-35;1994-06-30;S-221;T-03;T-10;WC-1994;group stage;0;2;away team win
M-1994-36;1994-06-30;S-223;T-33;T-50;WC-1994;group stage;0;2;away team win
M-1994-37;1994-07-02;S-219;T-31;T-06;WC-1994;round of 16;3;2;home team win
M-1994-38;1994-07-02;S-237;T-73;T-75;WC-1994;round of 16;3;0;home team win
M-1994-39;1994-07-03;S-221;T-63;T-74;WC-1994;round of 16;1;3;away team win
M-1994-40;1994-07-03;S-228;T-61;T-03;WC-1994;round of 16;3;2;home team win
M-1994-41;1994-07-04;S-227;T-48;T-60;WC-1994;round of 16;2;0;home team win
M-1994-42;1994-07-04;S-235;T-09;T-83;WC-1994;round of 16;1;0;home team win
M-1994-43;1994-07-05;S-223;T-50;T-41;WC-1994;round of 16;1;2;away team win
M-1994-44;1994-07-05;S-222;T-46;T-10;WC-1994;round of 16;1;1;away team win
M-1994-45;1994-07-09;S-223;T-41;T-73;WC-1994;quarter-finals;2;1;home team win
M-1994-46;1994-07-09;S-221;T-48;T-09;WC-1994;quarter-finals;2;3;away team win
M-1994-47;1994-07-10;S-222;T-10;T-31;WC-1994;quarter-finals;2;1;home team win
M-1994-48;1994-07-10;S-235;T-61;T-74;WC-1994;quarter-finals;2;2;away team win
M-1994-49;1994-07-13;S-222;T-10;T-41;WC-1994;semi-finals;1;2;away team win
M-1994-50;1994-07-13;S-228;T-74;T-09;WC-1994;semi-finals;0;1;away team win
M-1994-51;1994-07-16;S-228;T-74;T-10;WC-1994;third-place match;4;0;home team win
M-1994-52;1994-07-17;S-228;T-09;T-41;WC-1994;final;0;0;home team win
M-1995-01;1995-06-05;S-203;T-31;T-44;WC-1995;group stage;1;0;home team win
M-1995-02;1995-06-05;S-202;T-74;T-09;WC-1995;group stage;0;1;away team win
M-1995-03;1995-06-06;S-202;T-28;T-12;WC-1995;group stage;3;2;home team win
M-1995-04;1995-06-06;S-203;T-53;T-50;WC-1995;group stage;8;0;home team win
M-1995-05;1995-06-06;S-210;T-22;T-04;WC-1995;group stage;5;0;home team win
M-1995-06;1995-06-06;S-199;T-83;T-14;WC-1995;group stage;3;3;draw
M-1995-07;1995-06-07;S-203;T-09;T-44;WC-1995;group stage;1;2;away team win
M-1995-08;1995-06-07;S-202;T-74;T-31;WC-1995;group stage;3;2;home team win
M-1995-09;1995-06-08;S-202;T-50;T-12;WC-1995;group stage;3;3;draw
M-1995-10;1995-06-08;S-203;T-53;T-28;WC-1995;group stage;2;0;home team win
M-1995-11;1995-06-08;S-210;T-14;T-04;WC-1995;group stage;4;2;home team win
M-1995-12;1995-06-08;S-199;T-83;T-22;WC-1995;group stage;2;0;home team win
M-1995-13;1995-06-09;S-203;T-09;T-31;WC-1995;group stage;1;6;away team win
M-1995-14;1995-06-09;S-210;T-74;T-44;WC-1995;group stage;2;0;home team win
M-1995-15;1995-06-10;S-203;T-50;T-28;WC-1995;group stage;2;3;away team win
M-1995-16;1995-06-10;S-199;T-53;T-12;WC-1995;group stage;7;0;home team win
M-1995-17;1995-06-10;S-210;T-14;T-22;WC-1995;group stage;3;1;home team win
M-1995-18;1995-06-10;S-202;T-83;T-04;WC-1995;group stage;4;1;home team win
M-1995-19;1995-06-13;S-199;T-44;T-83;WC-1995;quarter-final;0;4;away team win
M-1995-20;1995-06-13;S-203;T-53;T-22;WC-1995;quarter-final;3;1;home team win
M-1995-21;1995-06-13;S-210;T-31;T-28;WC-1995;quarter-final;3;0;home team win
M-1995-22;1995-06-13;S-202;T-74;T-14;WC-1995;quarter-final;1;1;away team win
M-1995-23;1995-06-15;S-210;T-83;T-53;WC-1995;semi-final;0;1;away team win
M-1995-24;1995-06-15;S-202;T-31;T-14;WC-1995;semi-final;1;0;home team win
M-1995-25;1995-06-17;S-199;T-14;T-83;WC-1995;third-place match;0;2;away team win
M-1995-26;1995-06-18;S-208;T-31;T-53;WC-1995;final;0;2;away team win
M-1998-01;1998-06-10;S-073;T-09;T-64;WC-1998;group stage;2;1;home team win
M-1998-02;1998-06-10;S-065;T-47;T-53;WC-1998;group stage;2;2;draw
M-1998-03;1998-06-11;S-056;T-41;T-13;WC-1998;group stage;2;2;draw
M-1998-04;1998-06-11;S-076;T-11;T-05;WC-1998;group stage;1;1;draw
M-1998-05;1998-06-12;S-065;T-55;T-10;WC-1998;group stage;0;0;draw
M-1998-06;1998-06-12;S-060;T-63;T-22;WC-1998;group stage;0;1;away team win
M-1998-07;1998-06-12;S-064;T-30;T-70;WC-1998;group stage;3;0;home team win
M-1998-08;1998-06-13;S-066;T-73;T-50;WC-1998;group stage;2;3;away team win
M-1998-09;1998-06-13;S-063;T-71;T-46;WC-1998;group stage;1;3;away team win
M-1998-10;1998-06-13;S-073;T-48;T-06;WC-1998;group stage;0;0;draw
M-1998-11;1998-06-14;S-076;T-03;T-44;WC-1998;group stage;1;0;home team win
M-1998-12;1998-06-14;S-074;T-87;T-38;WC-1998;group stage;1;0;home team win
M-1998-13;1998-06-14;S-060;T-43;T-18;WC-1998;group stage;1;3;away team win
M-1998-14;1998-06-15;S-064;T-28;T-79;WC-1998;group stage;2;0;home team win
M-1998-15;1998-06-15;S-063;T-61;T-16;WC-1998;group stage;1;0;home team win
M-1998-16;1998-06-15;S-068;T-31;T-83;WC-1998;group stage;2;0;home team win
M-1998-17;1998-06-16;S-056;T-64;T-53;WC-1998;group stage;1;1;draw
M-1998-18;1998-06-16;S-066;T-09;T-47;WC-1998;group stage;3;0;home team win
M-1998-19;1998-06-17;S-074;T-13;T-05;WC-1998;group stage;1;1;draw
M-1998-20;1998-06-17;S-065;T-41;T-11;WC-1998;group stage;3;0;home team win
M-1998-21;1998-06-18;S-076;T-70;T-22;WC-1998;group stage;1;1;draw
M-1998-22;1998-06-18;S-073;T-30;T-63;WC-1998;group stage;4;0;home team win
M-1998-23;1998-06-19;S-068;T-50;T-10;WC-1998;group stage;1;0;home team win
M-1998-24;1998-06-19;S-074;T-73;T-55;WC-1998;group stage;0;0;draw
M-1998-25;1998-06-20;S-066;T-44;T-18;WC-1998;group stage;0;1;away team win
M-1998-26;1998-06-20;S-056;T-06;T-46;WC-1998;group stage;2;2;draw
M-1998-27;1998-06-20;S-064;T-48;T-71;WC-1998;group stage;5;0;home team win
M-1998-28;1998-06-21;S-060;T-31;T-87;WC-1998;group stage;2;2;draw
M-1998-29;1998-06-21;S-068;T-03;T-43;WC-1998;group stage;5;0;home team win
M-1998-30;1998-06-21;S-063;T-83;T-38;WC-1998;group stage;1;2;away team win
M-1998-31;1998-06-22;S-065;T-16;T-79;WC-1998;group stage;1;0;home team win
M-1998-32;1998-06-22;S-076;T-61;T-28;WC-1998;group stage;2;1;home team win
M-1998-33;1998-06-23;S-066;T-13;T-11;WC-1998;group stage;1;1;draw
M-1998-34;1998-06-23;S-073;T-41;T-05;WC-1998;group stage;2;1;home team win
M-1998-35;1998-06-23;S-064;T-09;T-53;WC-1998;group stage;1;2;away team win
M-1998-36;1998-06-23;S-074;T-64;T-47;WC-1998;group stage;0;3;away team win
M-1998-37;1998-06-24;S-063;T-30;T-22;WC-1998;group stage;2;1;home team win
M-1998-38;1998-06-24;S-056;T-70;T-63;WC-1998;group stage;2;2;draw
M-1998-39;1998-06-24;S-076;T-50;T-55;WC-1998;group stage;1;3;away team win
M-1998-40;1998-06-24;S-060;T-73;T-10;WC-1998;group stage;6;1;home team win
M-1998-41;1998-06-25;S-068;T-06;T-71;WC-1998;group stage;1;1;draw
M-1998-42;1998-06-25;S-074;T-48;T-46;WC-1998;group stage;2;2;draw
M-1998-43;1998-06-25;S-065;T-31;T-38;WC-1998;group stage;2;0;home team win
M-1998-44;1998-06-25;S-066;T-83;T-87;WC-1998;group stage;0;1;away team win
M-1998-45;1998-06-26;S-056;T-03;T-18;WC-1998;group stage;1;0;home team win
M-1998-46;1998-06-26;S-063;T-44;T-43;WC-1998;group stage;1;2;away team win
M-1998-47;1998-06-26;S-060;T-16;T-28;WC-1998;group stage;0;2;away team win
M-1998-48;1998-06-26;S-073;T-61;T-79;WC-1998;group stage;1;1;draw
M-1998-49;1998-06-27;S-064;T-41;T-53;WC-1998;round of 16;1;0;home team win
M-1998-50;1998-06-27;S-068;T-09;T-13;WC-1998;round of 16;4;1;home team win
M-1998-51;1998-06-28;S-060;T-30;T-55;WC-1998;round of 16;1;0;home team win
M-1998-52;1998-06-28;S-073;T-50;T-22;WC-1998;round of 16;1;4;away team win
M-1998-53;1998-06-29;S-065;T-31;T-46;WC-1998;round of 16;2;1;home team win
M-1998-54;1998-06-29;S-076;T-48;T-87;WC-1998;round of 16;2;1;home team win
M-1998-55;1998-06-30;S-056;T-61;T-18;WC-1998;round of 16;0;1;away team win
M-1998-56;1998-06-30;S-074;T-03;T-28;WC-1998;round of 16;2;2;home team win
M-1998-57;1998-07-03;S-073;T-41;T-30;WC-1998;quarter-finals;0;0;away team win
M-1998-58;1998-07-03;S-066;T-09;T-22;WC-1998;quarter-finals;3;2;home team win
M-1998-59;1998-07-04;S-064;T-48;T-03;WC-1998;quarter-finals;2;1;home team win
M-1998-60;1998-07-04;S-063;T-31;T-18;WC-1998;quarter-finals;0;3;away team win
M-1998-61;1998-07-07;S-064;T-09;T-48;WC-1998;semi-finals;1;1;home team win
M-1998-62;1998-07-08;S-073;T-30;T-18;WC-1998;semi-finals;2;1;home team win
M-1998-63;1998-07-11;S-068;T-48;T-18;WC-1998;third-place match;1;2;away team win
M-1998-64;1998-07-12;S-073;T-09;T-30;WC-1998;final;0;3;away team win
M-1999-01;1999-06-19;S-226;T-83;T-22;WC-1999;group stage;3;0;home team win
M-1999-02;1999-06-19;S-234;T-14;T-74;WC-1999;group stage;2;1;home team win
M-1999-03;1999-06-19;S-226;T-09;T-46;WC-1999;group stage;7;1;home team win
M-1999-04;1999-06-19;S-234;T-44;T-12;WC-1999;group stage;1;1;draw
M-1999-05;1999-06-20;S-225;T-31;T-41;WC-1999;group stage;1;1;draw
M-1999-06;1999-06-20;S-217;T-53;T-62;WC-1999;group stage;2;1;home team win
M-1999-07;1999-06-20;S-225;T-51;T-50;WC-1999;group stage;1;2;away team win
M-1999-08;1999-06-20;S-217;T-04;T-32;WC-1999;group stage;1;1;draw
M-1999-09;1999-06-23;S-231;T-44;T-62;WC-1999;group stage;0;5;away team win
M-1999-10;1999-06-23;S-236;T-53;T-12;WC-1999;group stage;7;1;home team win
M-1999-11;1999-06-23;S-236;T-04;T-74;WC-1999;group stage;1;3;away team win
M-1999-12;1999-06-23;S-231;T-14;T-32;WC-1999;group stage;7;0;home team win
M-1999-13;1999-06-24;S-219;T-09;T-41;WC-1999;group stage;2;0;home team win
M-1999-14;1999-06-24;S-231;T-51;T-22;WC-1999;group stage;3;1;home team win
M-1999-15;1999-06-24;S-219;T-83;T-50;WC-1999;group stage;7;1;home team win
M-1999-16;1999-06-24;S-231;T-31;T-46;WC-1999;group stage;6;0;home team win
M-1999-17;1999-06-26;S-226;T-12;T-62;WC-1999;group stage;1;4;away team win
M-1999-18;1999-06-26;S-226;T-14;T-04;WC-1999;group stage;3;1;home team win
M-1999-19;1999-06-26;S-219;T-32;T-74;WC-1999;group stage;0;2;away team win
M-1999-20;1999-06-26;S-219;T-53;T-44;WC-1999;group stage;4;0;home team win
M-1999-21;1999-06-27;S-236;T-31;T-09;WC-1999;group stage;3;3;draw
M-1999-22;1999-06-27;S-236;T-50;T-22;WC-1999;group stage;2;0;home team win
M-1999-23;1999-06-27;S-217;T-46;T-41;WC-1999;group stage;0;2;away team win
M-1999-24;1999-06-27;S-217;T-83;T-51;WC-1999;group stage;3;0;home team win
M-1999-25;1999-06-30;S-234;T-14;T-62;WC-1999;quarter-final;2;0;home team win
M-1999-26;1999-06-30;S-234;T-53;T-74;WC-1999;quarter-final;3;1;home team win
M-1999-27;1999-07-01;S-236;T-83;T-31;WC-1999;quarter-final;3;2;home team win
M-1999-28;1999-07-01;S-236;T-09;T-50;WC-1999;quarter-final;4;3;home team win
M-1999-29;1999-07-04;S-233;T-83;T-09;WC-1999;semi-final;2;0;home team win
M-1999-30;1999-07-04;S-217;T-53;T-14;WC-1999;semi-final;0;5;away team win
M-1999-31;1999-07-10;S-225;T-09;T-53;WC-1999;third-place match;0;0;home team win
M-1999-32;1999-07-10;S-225;T-83;T-14;WC-1999;final;0;0;home team win
M-2002-01;2002-05-31;S-177;T-30;T-65;WC-2002;group stage;0;1;away team win
M-2002-02;2002-06-01;S-121;T-60;T-11;WC-2002;group stage;1;1;draw
M-2002-03;2002-06-01;S-179;T-84;T-22;WC-2002;group stage;1;2;away team win
M-2002-04;2002-06-01;S-125;T-31;T-63;WC-2002;group stage;8;0;home team win
M-2002-05;2002-06-02;S-118;T-03;T-50;WC-2002;group stage;1;0;home team win
M-2002-06;2002-06-02;S-170;T-55;T-70;WC-2002;group stage;2;2;draw
M-2002-07;2002-06-02;S-124;T-28;T-74;WC-2002;group stage;1;1;draw
M-2002-08;2002-06-02;S-173;T-73;T-69;WC-2002;group stage;3;1;home team win
M-2002-09;2002-06-03;S-121;T-18;T-46;WC-2002;group stage;0;1;away team win
M-2002-10;2002-06-03;S-179;T-09;T-80;WC-2002;group stage;2;1;home team win
M-2002-11;2002-06-03;S-125;T-41;T-25;WC-2002;group stage;2;0;home team win
M-2002-12;2002-06-04;S-173;T-14;T-17;WC-2002;group stage;0;2;away team win
M-2002-13;2002-06-04;S-124;T-44;T-06;WC-2002;group stage;2;2;draw
M-2002-14;2002-06-04;S-170;T-71;T-57;WC-2002;group stage;2;0;home team win
M-2002-15;2002-06-05;S-119;T-62;T-79;WC-2002;group stage;2;0;home team win
M-2002-16;2002-06-05;S-178;T-83;T-58;WC-2002;group stage;3;2;home team win
M-2002-17;2002-06-05;S-118;T-31;T-60;WC-2002;group stage;1;1;draw
M-2002-18;2002-06-06;S-171;T-22;T-65;WC-2002;group stage;1;1;draw
M-2002-19;2002-06-06;S-124;T-11;T-63;WC-2002;group stage;1;0;home team win
M-2002-20;2002-06-06;S-170;T-30;T-84;WC-2002;group stage;0;0;draw
M-2002-21;2002-06-07;S-119;T-74;T-50;WC-2002;group stage;2;1;home team win
M-2002-22;2002-06-07;S-175;T-73;T-55;WC-2002;group stage;3;1;home team win
M-2002-23;2002-06-07;S-125;T-03;T-28;WC-2002;group stage;0;1;away team win
M-2002-24;2002-06-08;S-171;T-70;T-69;WC-2002;group stage;1;0;home team win
M-2002-25;2002-06-08;S-118;T-41;T-18;WC-2002;group stage;1;2;away team win
M-2002-26;2002-06-08;S-176;T-09;T-14;WC-2002;group stage;4;0;home team win
M-2002-27;2002-06-09;S-120;T-46;T-25;WC-2002;group stage;2;1;home team win
M-2002-28;2002-06-09;S-174;T-17;T-80;WC-2002;group stage;1;1;draw
M-2002-29;2002-06-09;S-127;T-44;T-62;WC-2002;group stage;1;0;home team win
M-2002-30;2002-06-10;S-171;T-71;T-83;WC-2002;group stage;1;1;draw
M-2002-31;2002-06-10;S-122;T-79;T-06;WC-2002;group stage;1;1;draw
M-2002-32;2002-06-10;S-175;T-58;T-57;WC-2002;group stage;4;0;home team win
M-2002-33;2002-06-11;S-174;T-22;T-30;WC-2002;group stage;2;0;home team win
M-2002-34;2002-06-11;S-178;T-65;T-84;WC-2002;group stage;3;3;draw
M-2002-35;2002-06-11;S-126;T-11;T-31;WC-2002;group stage;0;2;away team win
M-2002-36;2002-06-11;S-127;T-63;T-60;WC-2002;group stage;0;3;away team win
M-2002-37;2002-06-12;S-123;T-50;T-28;WC-2002;group stage;0;0;draw
M-2002-38;2002-06-12;S-120;T-74;T-03;WC-2002;group stage;1;1;draw
M-2002-39;2002-06-12;S-176;T-69;T-55;WC-2002;group stage;1;3;away team win
M-2002-40;2002-06-12;S-172;T-70;T-73;WC-2002;group stage;2;3;away team win
M-2002-41;2002-06-13;S-178;T-17;T-09;WC-2002;group stage;2;5;away team win
M-2002-42;2002-06-13;S-177;T-80;T-14;WC-2002;group stage;3;0;home team win
M-2002-43;2002-06-13;S-127;T-25;T-18;WC-2002;group stage;1;0;home team win
M-2002-44;2002-06-13;S-122;T-46;T-41;WC-2002;group stage;1;1;draw
M-2002-45;2002-06-14;S-126;T-06;T-62;WC-2002;group stage;3;2;home team win
M-2002-46;2002-06-14;S-123;T-79;T-44;WC-2002;group stage;0;2;away team win
M-2002-47;2002-06-14;S-172;T-57;T-83;WC-2002;group stage;3;1;home team win
M-2002-48;2002-06-14;S-174;T-58;T-71;WC-2002;group stage;0;1;away team win
M-2002-49;2002-06-15;S-176;T-31;T-55;WC-2002;round of 16;1;0;home team win
M-2002-50;2002-06-15;S-121;T-22;T-28;WC-2002;round of 16;0;3;away team win
M-2002-51;2002-06-16;S-122;T-74;T-65;WC-2002;round of 16;1;2;away team win
M-2002-52;2002-06-16;S-178;T-73;T-60;WC-2002;round of 16;1;1;home team win
M-2002-53;2002-06-17;S-175;T-46;T-83;WC-2002;round of 16;0;2;away team win
M-2002-54;2002-06-17;S-119;T-09;T-06;WC-2002;round of 16;2;0;home team win
M-2002-55;2002-06-18;S-120;T-44;T-80;WC-2002;round of 16;0;1;away team win
M-2002-56;2002-06-18;S-172;T-71;T-41;WC-2002;round of 16;2;1;home team win
M-2002-57;2002-06-21;S-126;T-28;T-09;WC-2002;quarter-finals;1;2;away team win
M-2002-58;2002-06-21;S-179;T-31;T-83;WC-2002;quarter-finals;1;0;home team win
M-2002-59;2002-06-22;S-173;T-73;T-71;WC-2002;quarter-finals;0;0;away team win
M-2002-60;2002-06-22;S-123;T-65;T-80;WC-2002;quarter-finals;0;1;away team win
M-2002-61;2002-06-25;S-177;T-31;T-71;WC-2002;semi-finals;1;0;home team win
M-2002-62;2002-06-26;S-124;T-09;T-80;WC-2002;semi-finals;1;0;home team win
M-2002-63;2002-06-29;S-171;T-71;T-80;WC-2002;third-place match;2;3;away team win
M-2002-64;2002-06-30;S-127;T-31;T-09;WC-2002;final;0;2;away team win
M-2003-01;2003-09-20;S-229;T-53;T-30;WC-2003;group stage;2;0;home team win
M-2003-02;2003-09-20;S-229;T-50;T-51;WC-2003;group stage;0;3;away team win
M-2003-03;2003-09-20;S-220;T-31;T-12;WC-2003;group stage;4;1;home team win
M-2003-04;2003-09-20;S-220;T-44;T-03;WC-2003;group stage;6;0;home team win
M-2003-05;2003-09-21;S-237;T-83;T-74;WC-2003;group stage;3;1;home team win
M-2003-06;2003-09-21;S-237;T-09;T-71;WC-2003;group stage;3;0;home team win
M-2003-07;2003-09-21;S-218;T-04;T-62;WC-2003;group stage;1;2;away team win
M-2003-08;2003-09-21;S-218;T-14;T-32;WC-2003;group stage;1;0;home team win
M-2003-09;2003-09-24;S-237;T-53;T-09;WC-2003;group stage;1;4;away team win
M-2003-10;2003-09-24;S-220;T-31;T-44;WC-2003;group stage;3;0;home team win
M-2003-11;2003-09-24;S-237;T-30;T-71;WC-2003;group stage;1;0;home team win
M-2003-12;2003-09-24;S-220;T-12;T-03;WC-2003;group stage;3;0;home team win
M-2003-13;2003-09-25;S-218;T-32;T-62;WC-2003;group stage;0;3;away team win
M-2003-14;2003-09-25;S-229;T-74;T-51;WC-2003;group stage;1;0;home team win
M-2003-15;2003-09-25;S-218;T-14;T-04;WC-2003;group stage;1;1;draw
M-2003-16;2003-09-25;S-229;T-83;T-50;WC-2003;group stage;5;0;home team win
M-2003-17;2003-09-27;S-237;T-30;T-09;WC-2003;group stage;1;1;draw
M-2003-18;2003-09-27;S-224;T-71;T-53;WC-2003;group stage;1;7;away team win
M-2003-19;2003-09-27;S-237;T-03;T-31;WC-2003;group stage;1;6;away team win
M-2003-20;2003-09-27;S-224;T-12;T-44;WC-2003;group stage;3;1;home team win
M-2003-21;2003-09-28;S-220;T-74;T-50;WC-2003;group stage;3;0;home team win
M-2003-22;2003-09-28;S-220;T-51;T-83;WC-2003;group stage;0;3;away team win
M-2003-23;2003-09-28;S-232;T-32;T-04;WC-2003;group stage;2;1;home team win
M-2003-24;2003-09-28;S-232;T-14;T-62;WC-2003;group stage;1;0;home team win
M-2003-25;2003-10-01;S-224;T-09;T-74;WC-2003;quarter-final;1;2;away team win
M-2003-26;2003-10-01;S-224;T-83;T-53;WC-2003;quarter-final;1;0;home team win
M-2003-27;2003-10-02;S-232;T-31;T-62;WC-2003;quarter-final;7;1;home team win
M-2003-28;2003-10-02;S-232;T-14;T-12;WC-2003;quarter-final;0;1;away team win
M-2003-29;2003-10-05;S-232;T-83;T-31;WC-2003;semi-final;0;3;away team win
M-2003-30;2003-10-05;S-232;T-74;T-12;WC-2003;semi-final;2;1;home team win
M-2003-31;2003-10-11;S-218;T-83;T-12;WC-2003;third-place match;3;1;home team win
M-2003-32;2003-10-12;S-218;T-31;T-74;WC-2003;final;2;1;home team win
M-2006-01;2006-06-09;S-095;T-31;T-17;WC-2006;group stage;4;2;home team win
M-2006-02;2006-06-09;S-087;T-57;T-25;WC-2006;group stage;0;2;away team win
M-2006-03;2006-06-10;S-086;T-28;T-55;WC-2006;group stage;1;0;home team win
M-2006-04;2006-06-10;S-083;T-78;T-74;WC-2006;group stage;0;0;draw
M-2006-05;2006-06-10;S-089;T-03;T-42;WC-2006;group stage;2;1;home team win
M-2006-06;2006-06-11;S-092;T-67;T-48;WC-2006;group stage;0;1;away team win
M-2006-07;2006-06-11;S-097;T-46;T-38;WC-2006;group stage;3;1;home team win
M-2006-08;2006-06-11;S-082;T-02;T-58;WC-2006;group stage;0;1;away team win
M-2006-09;2006-06-12;S-091;T-04;T-44;WC-2006;group stage;3;1;home team win
M-2006-10;2006-06-12;S-087;T-83;T-20;WC-2006;group stage;0;3;away team win
M-2006-11;2006-06-12;S-090;T-41;T-32;WC-2006;group stage;2;0;home team win
M-2006-12;2006-06-13;S-086;T-71;T-77;WC-2006;group stage;2;1;home team win
M-2006-13;2006-06-13;S-099;T-30;T-75;WC-2006;group stage;0;0;draw
M-2006-14;2006-06-13;S-080;T-09;T-18;WC-2006;group stage;1;0;home team win
M-2006-15;2006-06-14;S-092;T-73;T-81;WC-2006;group stage;4;0;home team win
M-2006-16;2006-06-14;S-095;T-79;T-63;WC-2006;group stage;2;2;draw
M-2006-17;2006-06-14;S-083;T-31;T-57;WC-2006;group stage;1;0;home team win
M-2006-18;2006-06-15;S-089;T-25;T-17;WC-2006;group stage;3;0;home team win
M-2006-19;2006-06-15;S-097;T-28;T-78;WC-2006;group stage;2;0;home team win
M-2006-20;2006-06-15;S-080;T-74;T-55;WC-2006;group stage;1;0;home team win
M-2006-21;2006-06-16;S-087;T-03;T-67;WC-2006;group stage;6;0;home team win
M-2006-22;2006-06-16;S-099;T-48;T-42;WC-2006;group stage;2;1;home team win
M-2006-23;2006-06-16;S-090;T-46;T-02;WC-2006;group stage;0;0;draw
M-2006-24;2006-06-17;S-086;T-58;T-38;WC-2006;group stage;2;0;home team win
M-2006-25;2006-06-17;S-082;T-20;T-32;WC-2006;group stage;0;2;away team win
M-2006-26;2006-06-17;S-091;T-41;T-83;WC-2006;group stage;1;1;draw
M-2006-27;2006-06-18;S-097;T-44;T-18;WC-2006;group stage;0;0;draw
M-2006-28;2006-06-18;S-095;T-09;T-04;WC-2006;group stage;2;0;home team win
M-2006-29;2006-06-18;S-092;T-30;T-71;WC-2006;group stage;1;1;draw
M-2006-30;2006-06-19;S-083;T-77;T-75;WC-2006;group stage;0;2;away team win
M-2006-31;2006-06-19;S-089;T-63;T-81;WC-2006;group stage;0;4;away team win
M-2006-32;2006-06-19;S-099;T-73;T-79;WC-2006;group stage;3;1;home team win
M-2006-33;2006-06-20;S-090;T-17;T-57;WC-2006;group stage;1;2;away team win
M-2006-34;2006-06-20;S-080;T-25;T-31;WC-2006;group stage;0;3;away team win
M-2006-35;2006-06-20;S-091;T-55;T-78;WC-2006;group stage;2;0;home team win
M-2006-36;2006-06-20;S-082;T-74;T-28;WC-2006;group stage;2;2;draw
M-2006-37;2006-06-21;S-092;T-38;T-02;WC-2006;group stage;1;1;draw
M-2006-38;2006-06-21;S-087;T-58;T-46;WC-2006;group stage;2;1;home team win
M-2006-39;2006-06-21;S-095;T-42;T-67;WC-2006;group stage;3;2;home team win
M-2006-40;2006-06-21;S-086;T-48;T-03;WC-2006;group stage;0;0;draw
M-2006-41;2006-06-22;S-089;T-20;T-41;WC-2006;group stage;0;2;away team win
M-2006-42;2006-06-22;S-097;T-32;T-83;WC-2006;group stage;2;1;home team win
M-2006-43;2006-06-22;S-099;T-18;T-04;WC-2006;group stage;2;2;draw
M-2006-44;2006-06-22;S-083;T-44;T-09;WC-2006;group stage;1;4;away team win
M-2006-45;2006-06-23;S-091;T-63;T-73;WC-2006;group stage;0;1;away team win
M-2006-46;2006-06-23;S-080;T-81;T-79;WC-2006;group stage;1;0;home team win
M-2006-47;2006-06-23;S-090;T-75;T-71;WC-2006;group stage;2;0;home team win
M-2006-48;2006-06-23;S-082;T-77;T-30;WC-2006;group stage;0;2;away team win
M-2006-49;2006-06-24;S-095;T-31;T-74;WC-2006;round of 16;2;0;home team win
M-2006-50;2006-06-24;S-092;T-03;T-46;WC-2006;round of 16;2;1;home team win
M-2006-51;2006-06-25;S-099;T-28;T-25;WC-2006;round of 16;1;0;home team win
M-2006-52;2006-06-25;S-097;T-58;T-48;WC-2006;round of 16;1;0;home team win
M-2006-53;2006-06-26;S-091;T-41;T-04;WC-2006;round of 16;1;0;home team win
M-2006-54;2006-06-26;S-082;T-75;T-81;WC-2006;round of 16;0;0;away team win
M-2006-55;2006-06-27;S-083;T-09;T-32;WC-2006;round of 16;3;0;home team win
M-2006-56;2006-06-27;S-090;T-73;T-30;WC-2006;round of 16;1;3;away team win
M-2006-57;2006-06-30;S-080;T-31;T-03;WC-2006;quarter-finals;1;1;home team win
M-2006-58;2006-06-30;S-089;T-41;T-81;WC-2006;quarter-finals;3;0;home team win
M-2006-59;2006-07-01;S-087;T-28;T-58;WC-2006;quarter-finals;0;0;away team win
M-2006-60;2006-07-01;S-086;T-09;T-30;WC-2006;quarter-finals;0;1;away team win
M-2006-61;2006-07-04;S-083;T-31;T-41;WC-2006;semi-finals;0;2;away team win
M-2006-62;2006-07-05;S-095;T-58;T-30;WC-2006;semi-finals;0;1;away team win
M-2006-63;2006-07-08;S-099;T-31;T-58;WC-2006;third-place match;3;1;home team win
M-2006-64;2006-07-09;S-080;T-41;T-30;WC-2006;final;1;1;home team win
M-2007-01;2007-09-10;S-043;T-31;T-03;WC-2007;group stage;11;0;home team win
M-2007-02;2007-09-11;S-034;T-83;T-51;WC-2007;group stage;2;2;draw
M-2007-03;2007-09-11;S-043;T-44;T-28;WC-2007;group stage;2;2;draw
M-2007-04;2007-09-11;S-034;T-50;T-74;WC-2007;group stage;1;1;draw
M-2007-05;2007-09-12;S-041;T-32;T-04;WC-2007;group stage;1;4;away team win
M-2007-06;2007-09-12;S-045;T-49;T-09;WC-2007;group stage;0;5;away team win
M-2007-07;2007-09-12;S-041;T-53;T-12;WC-2007;group stage;2;1;home team win
M-2007-08;2007-09-12;S-045;T-14;T-22;WC-2007;group stage;3;2;home team win
M-2007-09;2007-09-14;S-043;T-03;T-44;WC-2007;group stage;0;1;away team win
M-2007-10;2007-09-14;S-034;T-74;T-83;WC-2007;group stage;0;2;away team win
M-2007-11;2007-09-14;S-043;T-28;T-31;WC-2007;group stage;0;0;draw
M-2007-12;2007-09-14;S-034;T-51;T-50;WC-2007;group stage;2;0;home team win
M-2007-13;2007-09-15;S-041;T-12;T-32;WC-2007;group stage;4;0;home team win
M-2007-14;2007-09-15;S-045;T-22;T-49;WC-2007;group stage;2;0;home team win
M-2007-15;2007-09-15;S-041;T-04;T-53;WC-2007;group stage;1;1;draw
M-2007-16;2007-09-15;S-045;T-09;T-14;WC-2007;group stage;4;0;home team win
M-2007-17;2007-09-17;S-034;T-28;T-03;WC-2007;group stage;6;1;home team win
M-2007-18;2007-09-17;S-041;T-31;T-44;WC-2007;group stage;2;0;home team win
M-2007-19;2007-09-18;S-043;T-50;T-83;WC-2007;group stage;0;1;away team win
M-2007-20;2007-09-18;S-044;T-51;T-74;WC-2007;group stage;1;2;away team win
M-2007-21;2007-09-20;S-041;T-04;T-12;WC-2007;group stage;2;2;draw
M-2007-22;2007-09-20;S-041;T-53;T-32;WC-2007;group stage;7;2;home team win
M-2007-23;2007-09-20;S-041;T-09;T-22;WC-2007;group stage;1;0;home team win
M-2007-24;2007-09-20;S-044;T-14;T-49;WC-2007;group stage;2;0;home team win
M-2007-25;2007-09-22;S-045;T-31;T-51;WC-2007;quarter-final;3;0;home team win
M-2007-26;2007-09-22;S-044;T-83;T-28;WC-2007;quarter-final;3;0;home team win
M-2007-27;2007-09-23;S-045;T-53;T-14;WC-2007;quarter-final;1;0;home team win
M-2007-28;2007-09-23;S-044;T-09;T-04;WC-2007;quarter-final;3;2;home team win
M-2007-29;2007-09-26;S-044;T-31;T-53;WC-2007;semi-final;3;0;home team win
M-2007-30;2007-09-27;S-041;T-83;T-09;WC-2007;semi-final;0;4;away team win
M-2007-31;2007-09-30;S-043;T-53;T-83;WC-2007;third-place match;1;4;away team win
M-2007-32;2007-09-30;S-043;T-31;T-09;WC-2007;final;2;0;home team win
M-2010-01;2010-06-11;S-164;T-70;T-46;WC-2010;group stage;1;1;draw
M-2010-02;2010-06-11;S-161;T-84;T-30;WC-2010;group stage;0;0;draw
M-2010-03;2010-06-12;S-167;T-71;T-33;WC-2010;group stage;2;0;home team win
M-2010-04;2010-06-12;S-163;T-03;T-50;WC-2010;group stage;1;0;home team win
M-2010-05;2010-06-12;S-169;T-28;T-83;WC-2010;group stage;1;1;draw
M-2010-06;2010-06-13;S-166;T-01;T-69;WC-2010;group stage;0;1;away team win
M-2010-07;2010-06-13;S-168;T-66;T-32;WC-2010;group stage;0;1;away team win
M-2010-08;2010-06-13;S-162;T-31;T-04;WC-2010;group stage;4;0;home team win
M-2010-09;2010-06-14;S-164;T-48;T-22;WC-2010;group stage;2;0;home team win
M-2010-10;2010-06-14;S-160;T-44;T-11;WC-2010;group stage;1;0;home team win
M-2010-11;2010-06-14;S-161;T-41;T-55;WC-2010;group stage;1;1;draw
M-2010-12;2010-06-15;S-169;T-49;T-68;WC-2010;group stage;1;1;draw
M-2010-13;2010-06-15;S-167;T-42;T-58;WC-2010;group stage;0;0;draw
M-2010-14;2010-06-15;S-163;T-09;T-51;WC-2010;group stage;2;1;home team win
M-2010-15;2010-06-16;S-165;T-35;T-13;WC-2010;group stage;0;1;away team win
M-2010-16;2010-06-16;S-162;T-73;T-75;WC-2010;group stage;0;1;away team win
M-2010-17;2010-06-16;S-168;T-70;T-84;WC-2010;group stage;0;3;away team win
M-2010-18;2010-06-17;S-164;T-03;T-71;WC-2010;group stage;4;1;home team win
M-2010-19;2010-06-17;S-160;T-33;T-50;WC-2010;group stage;2;1;home team win
M-2010-20;2010-06-17;S-166;T-30;T-46;WC-2010;group stage;0;2;away team win
M-2010-21;2010-06-18;S-167;T-31;T-66;WC-2010;group stage;0;1;away team win
M-2010-22;2010-06-18;S-163;T-69;T-83;WC-2010;group stage;2;2;draw
M-2010-23;2010-06-18;S-161;T-28;T-01;WC-2010;group stage;0;0;draw
M-2010-24;2010-06-19;S-162;T-48;T-44;WC-2010;group stage;1;0;home team win
M-2010-25;2010-06-19;S-169;T-32;T-04;WC-2010;group stage;1;1;draw
M-2010-26;2010-06-19;S-168;T-11;T-22;WC-2010;group stage;1;2;away team win
M-2010-27;2010-06-20;S-160;T-68;T-55;WC-2010;group stage;0;2;away team win
M-2010-28;2010-06-20;S-165;T-41;T-49;WC-2010;group stage;1;1;draw
M-2010-29;2010-06-20;S-164;T-09;T-42;WC-2010;group stage;3;1;home team win
M-2010-30;2010-06-21;S-161;T-58;T-51;WC-2010;group stage;7;0;home team win
M-2010-31;2010-06-21;S-167;T-13;T-75;WC-2010;group stage;1;0;home team win
M-2010-32;2010-06-21;S-163;T-73;T-35;WC-2010;group stage;2;0;home team win
M-2010-33;2010-06-22;S-160;T-30;T-70;WC-2010;group stage;1;2;away team win
M-2010-34;2010-06-22;S-169;T-46;T-84;WC-2010;group stage;0;1;away team win
M-2010-35;2010-06-22;S-166;T-33;T-03;WC-2010;group stage;0;2;away team win
M-2010-36;2010-06-22;S-162;T-50;T-71;WC-2010;group stage;2;2;draw
M-2010-37;2010-06-23;S-167;T-69;T-28;WC-2010;group stage;0;1;away team win
M-2010-38;2010-06-23;S-168;T-83;T-01;WC-2010;group stage;1;0;home team win
M-2010-39;2010-06-23;S-165;T-04;T-66;WC-2010;group stage;2;1;home team win
M-2010-40;2010-06-23;S-164;T-32;T-31;WC-2010;group stage;0;1;away team win
M-2010-41;2010-06-24;S-166;T-55;T-49;WC-2010;group stage;0;0;draw
M-2010-42;2010-06-24;S-163;T-68;T-41;WC-2010;group stage;3;2;home team win
M-2010-43;2010-06-24;S-161;T-11;T-48;WC-2010;group stage;1;2;away team win
M-2010-44;2010-06-24;S-169;T-22;T-44;WC-2010;group stage;1;3;away team win
M-2010-45;2010-06-25;S-165;T-51;T-42;WC-2010;group stage;0;3;away team win
M-2010-46;2010-06-25;S-162;T-58;T-09;WC-2010;group stage;0;0;draw
M-2010-47;2010-06-25;S-168;T-13;T-73;WC-2010;group stage;1;2;away team win
M-2010-48;2010-06-25;S-160;T-75;T-35;WC-2010;group stage;0;0;draw
M-2010-49;2010-06-26;S-167;T-84;T-71;WC-2010;round of 16;2;1;home team win
M-2010-50;2010-06-26;S-169;T-83;T-32;WC-2010;round of 16;1;2;away team win
M-2010-51;2010-06-27;S-160;T-31;T-28;WC-2010;round of 16;4;1;home team win
M-2010-52;2010-06-27;S-164;T-03;T-46;WC-2010;round of 16;3;1;home team win
M-2010-53;2010-06-28;S-162;T-48;T-68;WC-2010;round of 16;2;1;home team win
M-2010-54;2010-06-28;S-163;T-09;T-13;WC-2010;round of 16;3;0;home team win
M-2010-55;2010-06-29;S-168;T-55;T-44;WC-2010;round of 16;0;0;home team win
M-2010-56;2010-06-29;S-161;T-73;T-58;WC-2010;round of 16;1;0;home team win
M-2010-57;2010-07-02;S-167;T-48;T-09;WC-2010;quarter-finals;2;1;home team win
M-2010-58;2010-07-02;S-164;T-84;T-32;WC-2010;quarter-finals;1;1;home team win
M-2010-59;2010-07-03;S-161;T-03;T-31;WC-2010;quarter-finals;0;4;away team win
M-2010-60;2010-07-03;S-163;T-55;T-73;WC-2010;quarter-finals;0;1;away team win
M-2010-61;2010-07-06;S-161;T-84;T-48;WC-2010;semi-finals;2;3;away team win
M-2010-62;2010-07-07;S-162;T-31;T-73;WC-2010;semi-finals;0;1;away team win
M-2010-63;2010-07-10;S-167;T-84;T-31;WC-2010;third-place match;2;3;away team win
M-2010-64;2010-07-11;S-164;T-48;T-73;WC-2010;final;0;1;away team win
M-2011-01;2011-06-26;S-098;T-50;T-30;WC-2011;group stage;0;1;away team win
M-2011-02;2011-06-26;S-080;T-31;T-12;WC-2011;group stage;2;1;home team win
M-2011-03;2011-06-27;S-081;T-44;T-49;WC-2011;group stage;2;1;home team win
M-2011-04;2011-06-27;S-100;T-46;T-28;WC-2011;group stage;1;1;draw
M-2011-05;2011-06-28;S-093;T-16;T-74;WC-2011;group stage;0;1;away team win
M-2011-06;2011-06-28;S-084;T-83;T-51;WC-2011;group stage;2;0;home team win
M-2011-07;2011-06-29;S-079;T-53;T-29;WC-2011;group stage;1;0;home team win
M-2011-08;2011-06-29;S-094;T-09;T-04;WC-2011;group stage;1;0;home team win
M-2011-09;2011-06-30;S-081;T-12;T-30;WC-2011;group stage;0;4;away team win
M-2011-10;2011-06-30;S-086;T-31;T-50;WC-2011;group stage;1;0;home team win
M-2011-11;2011-07-01;S-093;T-44;T-46;WC-2011;group stage;4;0;home team win
M-2011-12;2011-07-01;S-084;T-49;T-28;WC-2011;group stage;1;2;away team win
M-2011-13;2011-07-02;S-079;T-51;T-74;WC-2011;group stage;0;1;away team win
M-2011-14;2011-07-02;S-098;T-83;T-16;WC-2011;group stage;3;0;home team win
M-2011-15;2011-07-03;S-081;T-04;T-29;WC-2011;group stage;3;2;home team win
M-2011-16;2011-07-03;S-100;T-09;T-53;WC-2011;group stage;3;0;home team win
M-2011-17;2011-07-05;S-079;T-28;T-44;WC-2011;group stage;2;0;home team win
M-2011-18;2011-07-05;S-098;T-49;T-46;WC-2011;group stage;2;2;draw
M-2011-19;2011-07-05;S-084;T-12;T-50;WC-2011;group stage;0;1;away team win
M-2011-20;2011-07-05;S-094;T-30;T-31;WC-2011;group stage;2;4;away team win
M-2011-21;2011-07-06;S-093;T-04;T-53;WC-2011;group stage;2;1;home team win
M-2011-22;2011-07-06;S-086;T-29;T-09;WC-2011;group stage;0;3;away team win
M-2011-23;2011-07-06;S-081;T-51;T-16;WC-2011;group stage;0;0;draw
M-2011-24;2011-07-06;S-100;T-74;T-83;WC-2011;group stage;2;1;home team win
M-2011-25;2011-07-09;S-093;T-28;T-30;WC-2011;quarter-final;1;1;away team win
M-2011-26;2011-07-09;S-100;T-31;T-44;WC-2011;quarter-final;0;1;away team win
M-2011-27;2011-07-10;S-079;T-74;T-04;WC-2011;quarter-final;3;1;home team win
M-2011-28;2011-07-10;S-084;T-09;T-83;WC-2011;quarter-final;2;2;away team win
M-2011-29;2011-07-13;S-094;T-30;T-83;WC-2011;semi-final;1;3;away team win
M-2011-30;2011-07-13;S-086;T-44;T-74;WC-2011;semi-final;3;1;home team win
M-2011-31;2011-07-16;S-098;T-74;T-30;WC-2011;third-place match;2;1;home team win
M-2011-32;2011-07-17;S-086;T-44;T-83;WC-2011;final;2;2;home team win
M-2014-01;2014-06-12;S-022;T-09;T-18;WC-2014;group stage;3;1;home team win
M-2014-02;2014-06-13;S-015;T-46;T-11;WC-2014;group stage;1;0;home team win
M-2014-03;2014-06-13;S-021;T-73;T-48;WC-2014;group stage;1;5;away team win
M-2014-04;2014-06-13;S-010;T-13;T-04;WC-2014;group stage;3;1;home team win
M-2014-05;2014-06-14;S-008;T-16;T-33;WC-2014;group stage;3;0;home team win
M-2014-06;2014-06-14;S-013;T-84;T-17;WC-2014;group stage;1;3;away team win
M-2014-07;2014-06-14;S-014;T-28;T-41;WC-2014;group stage;1;2;away team win
M-2014-08;2014-06-14;S-018;T-42;T-44;WC-2014;group stage;2;1;home team win
M-2014-09;2014-06-15;S-009;T-75;T-25;WC-2014;group stage;2;1;home team win
M-2014-10;2014-06-15;S-016;T-30;T-35;WC-2014;group stage;3;0;home team win
M-2014-11;2014-06-15;S-020;T-03;T-08;WC-2014;group stage;2;1;home team win
M-2014-12;2014-06-16;S-021;T-31;T-58;WC-2014;group stage;4;0;home team win
M-2014-13;2014-06-16;S-011;T-38;T-50;WC-2014;group stage;0;0;draw
M-2014-14;2014-06-16;S-015;T-32;T-83;WC-2014;group stage;1;2;away team win
M-2014-15;2014-06-17;S-008;T-06;T-01;WC-2014;group stage;2;1;home team win
M-2014-16;2014-06-17;S-013;T-09;T-46;WC-2014;group stage;0;0;draw
M-2014-17;2014-06-17;S-010;T-62;T-71;WC-2014;group stage;1;1;draw
M-2014-18;2014-06-18;S-016;T-04;T-48;WC-2014;group stage;2;3;away team win
M-2014-19;2014-06-18;S-020;T-73;T-13;WC-2014;group stage;0;2;away team win
M-2014-20;2014-06-18;S-014;T-11;T-18;WC-2014;group stage;0;4;away team win
M-2014-21;2014-06-19;S-009;T-16;T-42;WC-2014;group stage;2;1;home team win
M-2014-22;2014-06-19;S-022;T-84;T-28;WC-2014;group stage;2;1;home team win
M-2014-23;2014-06-19;S-015;T-44;T-33;WC-2014;group stage;0;0;draw
M-2014-24;2014-06-20;S-018;T-41;T-17;WC-2014;group stage;0;1;away team win
M-2014-25;2014-06-20;S-021;T-75;T-30;WC-2014;group stage;2;5;away team win
M-2014-26;2014-06-20;S-011;T-35;T-25;WC-2014;group stage;1;2;away team win
M-2014-27;2014-06-21;S-008;T-03;T-38;WC-2014;group stage;1;0;home team win
M-2014-28;2014-06-21;S-013;T-31;T-32;WC-2014;group stage;2;2;draw
M-2014-29;2014-06-21;S-010;T-50;T-08;WC-2014;group stage;1;0;home team win
M-2014-30;2014-06-22;S-020;T-06;T-62;WC-2014;group stage;1;0;home team win
M-2014-31;2014-06-22;S-016;T-71;T-01;WC-2014;group stage;2;4;away team win
M-2014-32;2014-06-22;S-014;T-83;T-58;WC-2014;group stage;2;2;draw
M-2014-33;2014-06-23;S-011;T-04;T-73;WC-2014;group stage;0;3;away team win
M-2014-34;2014-06-23;S-022;T-48;T-13;WC-2014;group stage;2;0;home team win
M-2014-35;2014-06-23;S-009;T-11;T-09;WC-2014;group stage;1;4;away team win
M-2014-36;2014-06-23;S-018;T-18;T-46;WC-2014;group stage;1;3;away team win
M-2014-37;2014-06-24;S-008;T-17;T-28;WC-2014;group stage;0;0;draw
M-2014-38;2014-06-24;S-015;T-41;T-84;WC-2014;group stage;0;1;away team win
M-2014-39;2014-06-24;S-010;T-44;T-16;WC-2014;group stage;1;4;away team win
M-2014-40;2014-06-24;S-013;T-33;T-42;WC-2014;group stage;2;1;home team win
M-2014-41;2014-06-25;S-021;T-08;T-38;WC-2014;group stage;3;1;home team win
M-2014-42;2014-06-25;S-016;T-50;T-03;WC-2014;group stage;2;3;away team win
M-2014-43;2014-06-25;S-014;T-35;T-75;WC-2014;group stage;0;3;away team win
M-2014-44;2014-06-25;S-020;T-25;T-30;WC-2014;group stage;0;0;draw
M-2014-45;2014-06-26;S-009;T-58;T-32;WC-2014;group stage;2;1;home team win
M-2014-46;2014-06-26;S-018;T-83;T-31;WC-2014;group stage;0;1;away team win
M-2014-47;2014-06-26;S-011;T-01;T-62;WC-2014;group stage;1;1;draw
M-2014-48;2014-06-26;S-022;T-71;T-06;WC-2014;group stage;0;1;away team win
M-2014-49;2014-06-28;S-008;T-09;T-13;WC-2014;round of 16;1;1;home team win
M-2014-50;2014-06-28;S-020;T-16;T-84;WC-2014;round of 16;2;0;home team win
M-2014-51;2014-06-29;S-013;T-48;T-46;WC-2014;round of 16;2;1;home team win
M-2014-52;2014-06-29;S-018;T-17;T-33;WC-2014;round of 16;1;1;home team win
M-2014-53;2014-06-30;S-009;T-30;T-50;WC-2014;round of 16;2;0;home team win
M-2014-54;2014-06-30;S-016;T-31;T-01;WC-2014;round of 16;2;1;home team win
M-2014-55;2014-07-01;S-022;T-03;T-75;WC-2014;round of 16;1;0;home team win
M-2014-56;2014-07-01;S-021;T-06;T-83;WC-2014;round of 16;2;1;home team win
M-2014-57;2014-07-04;S-020;T-30;T-31;WC-2014;quarter-finals;0;1;away team win
M-2014-58;2014-07-04;S-013;T-09;T-16;WC-2014;quarter-finals;2;1;home team win
M-2014-59;2014-07-05;S-009;T-03;T-06;WC-2014;quarter-finals;1;0;home team win
M-2014-60;2014-07-05;S-021;T-48;T-17;WC-2014;quarter-finals;0;0;home team win
M-2014-61;2014-07-08;S-008;T-09;T-31;WC-2014;semi-finals;1;7;away team win
M-2014-62;2014-07-09;S-022;T-48;T-03;WC-2014;semi-finals;0;0;away team win
M-2014-63;2014-07-12;S-009;T-09;T-48;WC-2014;third-place match;0;3;away team win
M-2014-64;2014-07-13;S-020;T-31;T-03;WC-2014;final;1;0;home team win
M-2015-01;2015-06-06;S-024;T-12;T-14;WC-2015;group stage;1;0;home team win
M-2015-02;2015-06-06;S-024;T-49;T-48;WC-2015;group stage;0;1;away team win
M-2015-03;2015-06-07;S-027;T-53;T-76;WC-2015;group stage;4;0;home team win
M-2015-04;2015-06-07;S-027;T-31;T-42;WC-2015;group stage;10;0;home team win
M-2015-05;2015-06-08;S-029;T-74;T-50;WC-2015;group stage;3;3;draw
M-2015-06;2015-06-08;S-028;T-11;T-25;WC-2015;group stage;6;0;home team win
M-2015-07;2015-06-08;S-029;T-83;T-04;WC-2015;group stage;3;1;home team win
M-2015-08;2015-06-08;S-028;T-44;T-75;WC-2015;group stage;1;0;home team win
M-2015-09;2015-06-09;S-025;T-30;T-28;WC-2015;group stage;1;0;home team win
M-2015-10;2015-06-09;S-026;T-73;T-17;WC-2015;group stage;1;1;draw
M-2015-11;2015-06-09;S-025;T-16;T-46;WC-2015;group stage;1;1;draw
M-2015-12;2015-06-09;S-026;T-09;T-71;WC-2015;group stage;2;0;home team win
M-2015-13;2015-06-11;S-024;T-14;T-48;WC-2015;group stage;1;0;home team win
M-2015-14;2015-06-11;S-027;T-31;T-53;WC-2015;group stage;1;1;draw
M-2015-15;2015-06-11;S-024;T-12;T-49;WC-2015;group stage;0;0;draw
M-2015-16;2015-06-11;S-027;T-42;T-76;WC-2015;group stage;2;3;away team win
M-2015-17;2015-06-12;S-028;T-75;T-25;WC-2015;group stage;10;1;home team win
M-2015-18;2015-06-12;S-029;T-04;T-50;WC-2015;group stage;2;0;home team win
M-2015-19;2015-06-12;S-028;T-44;T-11;WC-2015;group stage;2;1;home team win
M-2015-20;2015-06-12;S-029;T-83;T-74;WC-2015;group stage;0;0;draw
M-2015-21;2015-06-13;S-025;T-30;T-16;WC-2015;group stage;0;2;away team win
M-2015-22;2015-06-13;S-026;T-09;T-73;WC-2015;group stage;1;0;home team win
M-2015-23;2015-06-13;S-025;T-28;T-46;WC-2015;group stage;2;1;home team win
M-2015-24;2015-06-13;S-026;T-71;T-17;WC-2015;group stage;2;2;draw
M-2015-25;2015-06-15;S-029;T-76;T-31;WC-2015;group stage;0;4;away team win
M-2015-26;2015-06-15;S-025;T-42;T-53;WC-2015;group stage;1;3;away team win
M-2015-27;2015-06-15;S-029;T-14;T-49;WC-2015;group stage;2;2;draw
M-2015-28;2015-06-15;S-026;T-48;T-12;WC-2015;group stage;1;1;draw
M-2015-29;2015-06-16;S-024;T-75;T-11;WC-2015;group stage;1;2;away team win
M-2015-30;2015-06-16;S-029;T-25;T-44;WC-2015;group stage;0;1;away team win
M-2015-31;2015-06-16;S-028;T-50;T-83;WC-2015;group stage;0;1;away team win
M-2015-32;2015-06-16;S-024;T-04;T-74;WC-2015;group stage;1;1;draw
M-2015-33;2015-06-17;S-026;T-28;T-16;WC-2015;group stage;2;1;home team win
M-2015-34;2015-06-17;S-027;T-46;T-30;WC-2015;group stage;0;5;away team win
M-2015-35;2015-06-17;S-027;T-71;T-73;WC-2015;group stage;2;1;home team win
M-2015-36;2015-06-17;S-025;T-17;T-09;WC-2015;group stage;0;1;away team win
M-2015-37;2015-06-20;S-027;T-31;T-74;WC-2015;round of 16;4;1;home team win
M-2015-38;2015-06-20;S-024;T-14;T-11;WC-2015;round of 16;1;0;home team win
M-2015-39;2015-06-21;S-025;T-09;T-04;WC-2015;round of 16;0;1;away team win
M-2015-40;2015-06-21;S-026;T-30;T-71;WC-2015;round of 16;3;0;home team win
M-2015-41;2015-06-21;S-028;T-12;T-75;WC-2015;round of 16;1;0;home team win
M-2015-42;2015-06-22;S-027;T-53;T-28;WC-2015;round of 16;1;2;away team win
M-2015-43;2015-06-22;S-024;T-83;T-16;WC-2015;round of 16;2;0;home team win
M-2015-44;2015-06-23;S-028;T-44;T-48;WC-2015;round of 16;2;1;home team win
M-2015-45;2015-06-26;S-026;T-31;T-30;WC-2015;quarter-final;1;1;home team win
M-2015-46;2015-06-26;S-027;T-14;T-83;WC-2015;quarter-final;0;1;away team win
M-2015-47;2015-06-27;S-024;T-04;T-44;WC-2015;quarter-final;0;1;away team win
M-2015-48;2015-06-27;S-028;T-28;T-12;WC-2015;quarter-final;2;1;home team win
M-2015-49;2015-06-30;S-026;T-83;T-31;WC-2015;semi-final;2;0;home team win
M-2015-50;2015-07-01;S-024;T-44;T-28;WC-2015;semi-final;2;1;home team win
M-2015-51;2015-07-04;S-024;T-31;T-28;WC-2015;third-place match;0;1;away team win
M-2015-52;2015-07-05;S-028;T-83;T-44;WC-2015;final;5;2;home team win
M-2018-01;2018-06-14;S-150;T-62;T-63;WC-2018;group stage;5;0;home team win
M-2018-02;2018-06-15;S-159;T-26;T-84;WC-2018;group stage;0;1;away team win
M-2018-03;2018-06-15;S-154;T-47;T-38;WC-2018;group stage;0;1;away team win
M-2018-04;2018-06-15;S-157;T-58;T-73;WC-2018;group stage;3;3;draw
M-2018-05;2018-06-16;S-149;T-30;T-04;WC-2018;group stage;2;1;home team win
M-2018-06;2018-06-16;S-151;T-03;T-37;WC-2018;group stage;1;1;draw
M-2018-07;2018-06-16;S-156;T-56;T-22;WC-2018;group stage;0;1;away team win
M-2018-08;2018-06-16;S-148;T-18;T-50;WC-2018;group stage;2;0;home team win
M-2018-09;2018-06-17;S-155;T-17;T-66;WC-2018;group stage;0;1;away team win
M-2018-10;2018-06-17;S-150;T-31;T-46;WC-2018;group stage;0;1;away team win
M-2018-11;2018-06-17;S-153;T-09;T-75;WC-2018;group stage;1;1;draw
M-2018-12;2018-06-18;S-152;T-74;T-71;WC-2018;group stage;1;0;home team win
M-2018-13;2018-06-18;S-157;T-06;T-54;WC-2018;group stage;3;0;home team win
M-2018-14;2018-06-18;S-158;T-79;T-28;WC-2018;group stage;1;2;away team win
M-2018-15;2018-06-19;S-156;T-16;T-44;WC-2018;group stage;1;2;away team win
M-2018-16;2018-06-19;S-151;T-57;T-65;WC-2018;group stage;1;2;away team win
M-2018-17;2018-06-19;S-154;T-62;T-26;WC-2018;group stage;3;1;home team win
M-2018-18;2018-06-20;S-150;T-58;T-47;WC-2018;group stage;1;0;home team win
M-2018-19;2018-06-20;S-153;T-84;T-63;WC-2018;group stage;1;0;home team win
M-2018-20;2018-06-20;S-149;T-38;T-73;WC-2018;group stage;0;1;away team win
M-2018-21;2018-06-21;S-155;T-22;T-04;WC-2018;group stage;1;1;draw
M-2018-22;2018-06-21;S-159;T-30;T-56;WC-2018;group stage;1;0;home team win
M-2018-23;2018-06-21;S-152;T-03;T-18;WC-2018;group stage;0;3;away team win
M-2018-24;2018-06-22;S-154;T-09;T-17;WC-2018;group stage;2;0;home team win
M-2018-25;2018-06-22;S-158;T-50;T-37;WC-2018;group stage;2;0;home team win
M-2018-26;2018-06-22;S-148;T-66;T-75;WC-2018;group stage;1;2;away team win
M-2018-27;2018-06-23;S-151;T-06;T-79;WC-2018;group stage;5;2;home team win
M-2018-28;2018-06-23;S-153;T-71;T-46;WC-2018;group stage;1;2;away team win
M-2018-29;2018-06-23;S-157;T-31;T-74;WC-2018;group stage;2;1;home team win
M-2018-30;2018-06-24;S-152;T-28;T-54;WC-2018;group stage;6;1;home team win
M-2018-31;2018-06-24;S-159;T-44;T-65;WC-2018;group stage;2;2;draw
M-2018-32;2018-06-24;S-149;T-57;T-16;WC-2018;group stage;0;3;away team win
M-2018-33;2018-06-25;S-158;T-63;T-26;WC-2018;group stage;2;1;home team win
M-2018-34;2018-06-25;S-155;T-84;T-62;WC-2018;group stage;3;0;home team win
M-2018-35;2018-06-25;S-148;T-73;T-47;WC-2018;group stage;2;2;draw
M-2018-36;2018-06-25;S-156;T-38;T-58;WC-2018;group stage;1;1;draw
M-2018-37;2018-06-26;S-157;T-04;T-56;WC-2018;group stage;0;2;away team win
M-2018-38;2018-06-26;S-150;T-22;T-30;WC-2018;group stage;0;0;draw
M-2018-39;2018-06-26;S-153;T-37;T-18;WC-2018;group stage;1;2;away team win
M-2018-40;2018-06-26;S-154;T-50;T-03;WC-2018;group stage;1;2;away team win
M-2018-41;2018-06-27;S-149;T-71;T-31;WC-2018;group stage;2;0;home team win
M-2018-42;2018-06-27;S-159;T-46;T-74;WC-2018;group stage;0;3;away team win
M-2018-43;2018-06-27;S-151;T-66;T-09;WC-2018;group stage;0;2;away team win
M-2018-44;2018-06-27;S-152;T-75;T-17;WC-2018;group stage;2;2;draw
M-2018-45;2018-06-28;S-158;T-44;T-57;WC-2018;group stage;0;1;away team win
M-2018-46;2018-06-28;S-155;T-65;T-16;WC-2018;group stage;0;1;away team win
M-2018-47;2018-06-28;S-148;T-28;T-06;WC-2018;group stage;0;1;away team win
M-2018-48;2018-06-28;S-156;T-54;T-79;WC-2018;group stage;1;2;away team win
M-2018-49;2018-06-30;S-149;T-30;T-03;WC-2018;round of 16;4;3;home team win
M-2018-50;2018-06-30;S-157;T-84;T-58;WC-2018;round of 16;2;1;home team win
M-2018-51;2018-07-01;S-150;T-73;T-62;WC-2018;round of 16;1;1;away team win
M-2018-52;2018-07-01;S-152;T-18;T-22;WC-2018;round of 16;1;1;home team win
M-2018-53;2018-07-02;S-155;T-09;T-46;WC-2018;round of 16;2;0;home team win
M-2018-54;2018-07-02;S-153;T-06;T-44;WC-2018;round of 16;3;2;home team win
M-2018-55;2018-07-03;S-154;T-74;T-75;WC-2018;round of 16;1;0;home team win
M-2018-56;2018-07-03;S-151;T-16;T-28;WC-2018;round of 16;1;1;away team win
M-2018-57;2018-07-06;S-152;T-84;T-30;WC-2018;quarter-finals;0;2;away team win
M-2018-58;2018-07-06;S-149;T-09;T-06;WC-2018;quarter-finals;1;2;away team win
M-2018-59;2018-07-07;S-155;T-74;T-28;WC-2018;quarter-finals;0;2;away team win
M-2018-60;2018-07-07;S-157;T-62;T-18;WC-2018;quarter-finals;2;2;away team win
M-2018-61;2018-07-10;S-154;T-30;T-06;WC-2018;semi-finals;1;0;home team win
M-2018-62;2018-07-11;S-150;T-18;T-28;WC-2018;semi-finals;2;1;home team win
M-2018-63;2018-07-14;S-154;T-06;T-28;WC-2018;third-place match;2;0;home team win
M-2018-64;2018-07-15;S-150;T-30;T-18;WC-2018;final;4;2;home team win
M-2019-01;2019-06-07;S-068;T-30;T-71;WC-2019;group stage;4;0;home team win
M-2019-02;2019-06-08;S-072;T-31;T-14;WC-2019;group stage;1;0;home team win
M-2019-03;2019-06-08;S-059;T-73;T-70;WC-2019;group stage;3;1;home team win
M-2019-04;2019-06-08;S-070;T-53;T-50;WC-2019;group stage;3;0;home team win
M-2019-05;2019-06-09;S-078;T-04;T-41;WC-2019;group stage;1;2;away team win
M-2019-06;2019-06-09;S-057;T-09;T-43;WC-2019;group stage;3;0;home team win
M-2019-07;2019-06-09;S-067;T-28;T-64;WC-2019;group stage;2;1;home team win
M-2019-08;2019-06-10;S-068;T-03;T-44;WC-2019;group stage;0;0;draw
M-2019-09;2019-06-10;S-065;T-12;T-11;WC-2019;group stage;1;0;home team win
M-2019-10;2019-06-11;S-059;T-49;T-48;WC-2019;group stage;0;1;away team win
M-2019-11;2019-06-11;S-072;T-13;T-74;WC-2019;group stage;0;2;away team win
M-2019-12;2019-06-11;S-070;T-83;T-76;WC-2019;group stage;13;0;home team win
M-2019-13;2019-06-12;S-057;T-50;T-71;WC-2019;group stage;2;0;home team win
M-2019-14;2019-06-12;S-078;T-31;T-73;WC-2019;group stage;1;0;home team win
M-2019-15;2019-06-12;S-067;T-30;T-53;WC-2019;group stage;2;1;home team win
M-2019-16;2019-06-13;S-065;T-04;T-09;WC-2019;group stage;3;2;home team win
M-2019-17;2019-06-13;S-068;T-70;T-14;WC-2019;group stage;0;1;away team win
M-2019-18;2019-06-14;S-072;T-44;T-64;WC-2019;group stage;2;1;home team win
M-2019-19;2019-06-14;S-070;T-43;T-41;WC-2019;group stage;0;5;away team win
M-2019-20;2019-06-14;S-059;T-28;T-03;WC-2019;group stage;1;0;home team win
M-2019-21;2019-06-15;S-078;T-48;T-11;WC-2019;group stage;3;1;home team win
M-2019-22;2019-06-15;S-057;T-12;T-49;WC-2019;group stage;2;0;home team win
M-2019-23;2019-06-16;S-067;T-74;T-76;WC-2019;group stage;5;1;home team win
M-2019-24;2019-06-16;S-068;T-83;T-13;WC-2019;group stage;3;0;home team win
M-2019-25;2019-06-17;S-059;T-14;T-73;WC-2019;group stage;0;0;draw
M-2019-26;2019-06-17;S-065;T-70;T-31;WC-2019;group stage;0;4;away team win
M-2019-27;2019-06-17;S-072;T-50;T-30;WC-2019;group stage;0;1;away team win
M-2019-28;2019-06-17;S-070;T-71;T-53;WC-2019;group stage;1;2;away team win
M-2019-29;2019-06-18;S-078;T-41;T-09;WC-2019;group stage;0;1;away team win
M-2019-30;2019-06-18;S-057;T-43;T-04;WC-2019;group stage;1;4;away team win
M-2019-31;2019-06-19;S-067;T-44;T-28;WC-2019;group stage;0;2;away team win
M-2019-32;2019-06-19;S-068;T-64;T-03;WC-2019;group stage;3;3;draw
M-2019-33;2019-06-20;S-065;T-11;T-49;WC-2019;group stage;2;1;home team win
M-2019-34;2019-06-20;S-070;T-48;T-12;WC-2019;group stage;2;1;home team win
M-2019-35;2019-06-20;S-059;T-74;T-83;WC-2019;group stage;0;2;away team win
M-2019-36;2019-06-20;S-072;T-76;T-13;WC-2019;group stage;0;2;away team win
M-2019-37;2019-06-22;S-057;T-31;T-50;WC-2019;round of 16;3;0;home team win
M-2019-38;2019-06-22;S-067;T-53;T-04;WC-2019;round of 16;1;1;home team win
M-2019-39;2019-06-23;S-078;T-28;T-11;WC-2019;round of 16;3;0;home team win
M-2019-40;2019-06-23;S-059;T-30;T-09;WC-2019;round of 16;2;1;home team win
M-2019-41;2019-06-24;S-070;T-73;T-83;WC-2019;round of 16;1;2;away team win
M-2019-42;2019-06-24;S-068;T-74;T-12;WC-2019;round of 16;1;0;home team win
M-2019-43;2019-06-25;S-065;T-41;T-14;WC-2019;round of 16;2;0;home team win
M-2019-44;2019-06-25;S-072;T-48;T-44;WC-2019;round of 16;2;1;home team win
M-2019-45;2019-06-27;S-059;T-53;T-28;WC-2019;quarter-final;0;3;away team win
M-2019-46;2019-06-28;S-068;T-30;T-83;WC-2019;quarter-final;1;2;away team win
M-2019-47;2019-06-29;S-078;T-41;T-48;WC-2019;quarter-final;0;2;away team win
M-2019-48;2019-06-29;S-072;T-31;T-74;WC-2019;quarter-final;1;2;away team win
M-2019-49;2019-07-02;S-062;T-28;T-83;WC-2019;semi-final;1;2;away team win
M-2019-50;2019-07-03;S-062;T-48;T-74;WC-2019;semi-final;1;0;home team win
M-2019-51;2019-07-06;S-067;T-28;T-74;WC-2019;third-place match;1;2;away team win
M-2019-52;2019-07-07;S-062;T-83;T-48;WC-2019;final;2;0;home team win
M-2022-01;2022-11-20;S-140;T-59;T-25;WC-2022;group stage;0;2;away team win
M-2022-02;2022-11-21;S-143;T-28;T-38;WC-2022;group stage;6;2;home team win
M-2022-03;2022-11-21;S-145;T-65;T-48;WC-2022;group stage;0;2;away team win
M-2022-04;2022-11-21;S-141;T-83;T-85;WC-2022;group stage;1;1;draw
M-2022-05;2022-11-22;S-147;T-03;T-63;WC-2022;group stage;1;2;away team win
M-2022-06;2022-11-22;S-142;T-22;T-79;WC-2022;group stage;0;0;draw
M-2022-07;2022-11-22;S-146;T-46;T-57;WC-2022;group stage;0;0;draw
M-2022-08;2022-11-22;S-144;T-30;T-04;WC-2022;group stage;4;1;home team win
M-2022-09;2022-11-23;S-140;T-47;T-18;WC-2022;group stage;0;0;draw
M-2022-10;2022-11-23;S-143;T-31;T-44;WC-2022;group stage;1;2;away team win
M-2022-11;2022-11-23;S-145;T-73;T-17;WC-2022;group stage;7;0;home team win
M-2022-12;2022-11-23;S-141;T-06;T-12;WC-2022;group stage;1;0;home team win
M-2022-13;2022-11-24;S-144;T-75;T-11;WC-2022;group stage;1;0;home team win
M-2022-14;2022-11-24;S-142;T-84;T-71;WC-2022;group stage;0;0;draw
M-2022-15;2022-11-24;S-146;T-58;T-32;WC-2022;group stage;3;2;home team win
M-2022-16;2022-11-24;S-147;T-09;T-66;WC-2022;group stage;2;0;home team win
M-2022-17;2022-11-25;S-141;T-85;T-38;WC-2022;group stage;0;2;away team win
M-2022-18;2022-11-25;S-145;T-59;T-65;WC-2022;group stage;1;3;away team win
M-2022-19;2022-11-25;S-143;T-48;T-25;WC-2022;group stage;1;1;draw
M-2022-20;2022-11-25;S-140;T-28;T-83;WC-2022;group stage;0;0;draw
M-2022-21;2022-11-26;S-144;T-79;T-04;WC-2022;group stage;0;1;away team win
M-2022-22;2022-11-26;S-142;T-57;T-63;WC-2022;group stage;2;0;home team win
M-2022-23;2022-11-26;S-146;T-30;T-22;WC-2022;group stage;2;1;home team win
M-2022-24;2022-11-26;S-147;T-03;T-46;WC-2022;group stage;2;0;home team win
M-2022-25;2022-11-27;S-141;T-44;T-17;WC-2022;group stage;0;1;away team win
M-2022-26;2022-11-27;S-145;T-06;T-47;WC-2022;group stage;0;2;away team win
M-2022-27;2022-11-27;S-143;T-18;T-12;WC-2022;group stage;4;1;home team win
M-2022-28;2022-11-27;S-140;T-73;T-31;WC-2022;group stage;1;1;draw
M-2022-29;2022-11-28;S-144;T-11;T-66;WC-2022;group stage;3;3;draw
M-2022-30;2022-11-28;S-142;T-71;T-32;WC-2022;group stage;2;3;away team win
M-2022-31;2022-11-28;S-146;T-09;T-75;WC-2022;group stage;1;0;home team win
M-2022-32;2022-11-28;S-147;T-58;T-84;WC-2022;group stage;2;0;home team win
M-2022-33;2022-11-29;S-143;T-25;T-65;WC-2022;group stage;1;2;away team win
M-2022-34;2022-11-29;S-140;T-48;T-59;WC-2022;group stage;2;0;home team win
M-2022-35;2022-11-29;S-145;T-38;T-83;WC-2022;group stage;0;1;away team win
M-2022-36;2022-11-29;S-141;T-85;T-28;WC-2022;group stage;0;3;away team win
M-2022-37;2022-11-30;S-144;T-04;T-22;WC-2022;group stage;1;0;home team win
M-2022-38;2022-11-30;S-142;T-79;T-30;WC-2022;group stage;1;0;home team win
M-2022-39;2022-11-30;S-146;T-57;T-03;WC-2022;group stage;0;2;away team win
M-2022-40;2022-11-30;S-147;T-63;T-46;WC-2022;group stage;1;2;away team win
M-2022-41;2022-12-01;S-145;T-12;T-47;WC-2022;group stage;1;2;away team win
M-2022-42;2022-12-01;S-141;T-18;T-06;WC-2022;group stage;0;0;draw
M-2022-43;2022-12-01;S-140;T-17;T-31;WC-2022;group stage;2;4;away team win
M-2022-44;2022-12-01;S-143;T-44;T-73;WC-2022;group stage;2;1;home team win
M-2022-45;2022-12-02;S-144;T-32;T-84;WC-2022;group stage;0;2;away team win
M-2022-46;2022-12-02;S-142;T-71;T-58;WC-2022;group stage;2;1;home team win
M-2022-47;2022-12-02;S-147;T-11;T-09;WC-2022;group stage;1;0;home team win
M-2022-48;2022-12-02;S-146;T-66;T-75;WC-2022;group stage;2;3;away team win
M-2022-49;2022-12-03;S-143;T-48;T-83;WC-2022;round of 16;3;1;home team win
M-2022-50;2022-12-03;S-141;T-03;T-04;WC-2022;round of 16;2;1;home team win
M-2022-51;2022-12-04;S-145;T-30;T-57;WC-2022;round of 16;3;1;home team win
M-2022-52;2022-12-04;S-140;T-28;T-65;WC-2022;round of 16;3;0;home team win
M-2022-53;2022-12-05;S-144;T-44;T-18;WC-2022;round of 16;1;1;away team win
M-2022-54;2022-12-05;S-146;T-09;T-71;WC-2022;round of 16;4;1;home team win
M-2022-55;2022-12-06;S-142;T-47;T-73;WC-2022;round of 16;0;0;home team win
M-2022-56;2022-12-06;S-147;T-58;T-75;WC-2022;round of 16;6;1;home team win
M-2022-57;2022-12-09;S-142;T-18;T-09;WC-2022;quarter-finals;1;1;home team win
M-2022-58;2022-12-09;S-147;T-48;T-03;WC-2022;quarter-finals;2;2;away team win
M-2022-59;2022-12-10;S-145;T-47;T-58;WC-2022;quarter-finals;1;0;home team win
M-2022-60;2022-12-10;S-140;T-28;T-30;WC-2022;quarter-finals;1;2;away team win
M-2022-61;2022-12-13;S-147;T-03;T-18;WC-2022;semi-finals;3;0;home team win
M-2022-62;2022-12-14;S-140;T-30;T-47;WC-2022;semi-finals;2;0;home team win
M-2022-63;2022-12-17;S-143;T-18;T-47;WC-2022;third-place match;2;1;home team win
M-2022-64;2022-12-18;S-147;T-03;T-30;WC-2022;final;3;3;home team win